postsNum,followersNum,followingNum,hasLocation,AtUserNum,AtUserPostsNum,AtUserFollowerNum,AtUserFollowingNum,hashTagNum,has;hTa;gPo;sts;Num,likeNum

7049,473000,5617,1:0,22,5911,10320,10289,6,78538,8:7

7049,473000,5617,1:0,5,322,518,1100,29,15145815,7:6

7049,473000,5617,1:0,20,10281,10347,13446,5,16646453,10:9

7049,473000,5617,1:0,5,3297,3010,6020,26,37110214,7:6

7049,473000,5617,1:0,5,2572,2744,3479,6,125055,7:6

7049,473000,5617,1:0,14,7428,7292,5491,0,0,8:7

7049,473000,5617,1:0,7,2759,16897,5660,1,0,8:7

7049,473000,5617,1:0,6,17105,99774,16596,1,0,8:7

7049,473000,5617,1:0,12,10672,3603123,8296,2,280077,9:8

7049,473000,5617,1:0,20,10128,15486,11819,0,0,8:7

7049,473000,5617,1:0,2,85,660,958,12,33675182,6:5

7049,473000,5617,1:0,7,1319,8373,7241,2,5035,9:8

3114,80800,1994,1:0,3,3202,81564,2082,0,0,7:6

3114,80800,1994,2:1,9,24565,2283360,7383,3,1363885,8:7

3114,80800,1994,1:0,4,9106,163837,4549,1,0,9:8

3114,80800,1994,1:0,8,8849,5013149,3110,2,1181542,8:7

3114,80800,1994,1:0,8,10361,998631,5819,3,1363920,9:8

3114,80800,1994,1:0,3,1835,629,973,3,1507820,9:8

3114,80800,1994,1:0,4,4995,915787,2197,3,1363932,8:7

3114,80800,1994,1:0,3,7744,915908,2196,2,1181567,9:8

3114,80800,1994,2:1,2,728,24552,501,4,4250185,8:7

3114,80800,1994,2:1,11,6004,917747,2603,4,6651230,8:7

3114,80800,1994,2:1,7,14449,1208824,4280,5,4757473,9:8

3114,80800,1994,2:1,4,13152,1150948,3410,4,5026712,8:7

4169,168000,131,1:0,1,3509,4900000,178,1,0,8:7

4169,168000,131,1:0,4,3305,1992,1665,2,1181610,8:7

4169,168000,131,1:0,8,8127,174460,2270,4,416114372,8:7

4169,168000,131,1:0,6,3072,10402676,1124,6,85491874,8:7

4169,168000,131,1:0,4,4650,10722302,1289,5,29470136,7:6

4169,168000,131,1:0,12,23128,1365182,18315,7,852817029,7:6

4169,168000,131,1:0,11,22424,1364927,17869,7,852817275,7:6

4169,168000,131,1:0,11,22424,1364927,17869,7,852817411,7:6

4169,168000,131,1:0,10,4421,99739,8895,5,310243813,7:6

4169,168000,131,2:1,2,782,42602,1182,1,0,6:5

154,108000000,0,1:0,2,10853,4317300,1451,0,0,11:10

154,108000000,0,1:0,3,10629,5927600,1753,0,0,12:11

154,108000000,0,1:0,2,10076,12791000,1161,0,0,12:11

154,108000000,0,1:0,1,6416,291000,913,0,0,13:12

154,108000000,0,1:0,0,0,0,0,0,0,13:12

154,108000000,0,1:0,2,6888,327400,1561,1,0,12:11

154,108000000,0,1:0,3,8055,8527399,1932,0,0,13:12

154,108000000,0,1:0,3,8320,137327400,1597,0,0,13:12

154,108000000,0,1:0,3,9864,31527600,1897,0,0,14:13

1822,371000,48,1:0,5,1428,6086,3181,1,0,10:9

1822,371000,48,1:0,3,195,478,812,1,0,10:9

1822,371000,48,1:0,7,1845,2264,5969,1,0,10:9

1822,371000,48,2:1,8,14243,5465366,5426,1,0,9:8

1822,371000,48,1:0,17,14868,10486025,3748,0,0,8:7

1822,371000,48,2:1,16,21679,48138818,6148,0,0,8:7

1822,371000,48,2:1,4,1303,516,3396,1,0,8:7

1822,371000,48,2:1,12,4116,373021,2704,1,0,8:7

1822,371000,48,2:1,5,1242,1320,1704,1,0,8:7

1822,371000,48,2:1,2,396,758,872,1,0,8:7

1363,4900000,81,2:1,12,15226,20202720,5890,1,0,12:11

1363,4900000,81,1:0,8,5113,9035922,4807,1,0,13:12

1363,4900000,81,2:1,6,2721,735569,4011,1,0,12:11

1363,4900000,81,2:1,10,3452,1467206,4286,1,0,12:11

1363,4900000,81,2:1,1,1363,4900000,81,1,0,12:11

1363,4900000,81,2:1,14,6893,3256,5387,1,0,12:11

1363,4900000,81,2:1,6,5665,371999,2751,1,0,12:11

1363,4900000,81,2:1,10,4955,7101920,3346,1,0,12:11

1363,4900000,81,2:1,4,1835,4900542,3195,1,0,12:11

1363,4900000,81,2:1,7,621,2911,3298,1,0,12:11

1363,4900000,81,2:1,3,1525,969,2157,0,0,12:11

6416,291000,913,2:1,5,736,1691,2484,2,420,7:6

6416,291000,913,2:1,6,5421,38527,3362,2,14561,7:6

6416,291000,913,2:1,2,585,17325,1149,1,0,7:6

6416,291000,913,2:1,3,1543,788,2018,2,518,7:6

6416,291000,913,2:1,4,1886,31202793,4815,2,518,7:6

6416,291000,913,2:1,4,2337,43500,2209,1,0,7:6

6416,291000,913,2:1,2,5169,9436600,748,2,14561,7:6

6416,291000,913,2:1,4,5691,75102961,3219,1,0,7:6

6416,291000,913,2:1,11,6441,181536,8367,1,0,8:7

6416,291000,913,2:1,2,585,17325,1149,1,0,7:6

6416,291000,913,1:0,14,11281,975641,7652,1,0,8:7

962,1900000,326,2:1,13,6364,3802519,6316,0,0,10:9

962,1900000,326,2:1,12,4782,273948,4611,0,0,8:7

962,1900000,326,2:1,9,4678,2041644,6013,0,0,8:7

962,1900000,326,1:0,4,487,3234,2780,0,0,11:10

962,1900000,326,1:0,11,3338,1902208,6423,1,0,11:10

962,1900000,326,2:1,6,2875,21006261,2018,0,0,10:9

962,1900000,326,1:0,8,1706,2906,2498,0,0,10:9

962,1900000,326,1:0,8,1708,4471,3451,0,0,10:9

962,1900000,326,2:1,3,681,776,1874,0,0,11:10

962,1900000,326,2:1,13,14360,8548,3974,0,0,9:8

962,1900000,326,2:1,17,6476,4978187,12300,0,0,9:8

8552,209000,86,1:0,1,749,760,999,5,1218705,8:7

8552,209000,86,1:0,6,1141,3491,3669,8,3185114,8:7

8552,209000,86,1:0,7,799,812,2840,10,1766643,9:8

8552,209000,86,1:0,11,4589,6924,5617,5,786436,8:7

8552,209000,86,1:0,7,1974,3308,5558,4,724777,8:7

8552,209000,86,1:0,9,6145,655776,3122,8,1667158,10:9

8552,209000,86,1:0,0,0,0,0,4,930873,8:7

8552,209000,86,1:0,3,456,909,1275,6,2546298,9:8

8552,209000,86,1:0,3,727,1301,1498,4,604742,8:7

8552,209000,86,1:0,5,469,1994,2219,8,1667164,9:8

8552,209000,86,1:0,1,211,358,456,4,930876,8:7

8552,209000,86,1:0,3,315,761,2179,4,930877,9:8

6241,53200000,318,1:0,14,4735,119952,5254,0,0,11:10

6241,53200000,318,1:0,12,4907,437098,7396,0,0,11:10

6241,53200000,318,1:0,4,547,2836,1809,1,0,13:12

3256,126000,316,2:1,14,30742,13817353,8519,1,0,9:8

3256,126000,316,1:0,13,26209,3333724,5298,2,1182068,8:7

3256,126000,316,1:0,2,6023,246000,1066,0,0,8:7

3256,126000,316,1:0,11,23236,970849,6072,1,0,7:6

3256,126000,316,1:0,3,632,1815,1413,0,0,8:7

3256,126000,316,1:0,1,2767,120000,750,0,0,7:6

3256,126000,316,2:1,5,15549,932877,4590,0,0,8:7

3256,126000,316,1:0,8,6944,4406883,4421,0,0,7:6

3256,126000,316,1:0,2,6023,246000,1066,1,0,8:7

3256,126000,316,2:1,2,1131,190191,1257,0,0,8:7

3256,126000,316,2:1,7,8767,848082,18523,1,0,7:6

3256,126000,316,2:1,11,18596,738799,4468,0,0,7:6

75,156000,25,1:0,7,1380,4048,3897,0,0,5:4

75,156000,25,1:0,4,2457,1706,2737,2,1105876,7:6

75,156000,25,1:0,0,0,0,0,0,0,8:7

75,156000,25,1:0,1,124,103,331,2,326453,8:7

75,156000,25,1:0,12,2841,3261,3580,1,0,7:6

75,156000,25,1:0,25,10973,20424,13591,1,0,8:7

75,156000,25,1:0,13,5699,4904217,5100,0,0,8:7

75,156000,25,1:0,19,6098,11559,12519,3,783897,9:8

75,156000,25,1:0,7,4661,6002055,2198,2,1182151,8:7

75,156000,25,1:0,13,3094,13246,8046,1,0,9:8

75,156000,25,1:0,7,5424,24601530,2946,2,1182161,7:6

75,156000,25,1:0,7,3369,1975,2745,3,1304787,7:6

1787,188000,1178,1:0,2,3006,302000,1277,1,0,8:7

1787,188000,1178,1:0,6,16689,10434494,5984,6,12799506,9:8

1787,188000,1178,1:0,7,16680,1056757,7445,1,0,9:8

1787,188000,1178,1:0,6,7063,1018157,7273,3,1182371,7:6

1787,188000,1178,1:0,9,21277,88088311,6241,8,336104218,8:7

1787,188000,1178,1:0,3,5361,564000,3534,0,0,8:7

1787,188000,1178,1:0,7,4178,214696,13111,2,182458,9:8

1787,188000,1178,1:0,8,19980,1327131,10922,4,5164,6:5

1787,188000,1178,1:0,4,5928,196609,3646,1,0,8:7

1787,188000,1178,1:0,6,10388,3466431,5122,2,414,8:7

1787,188000,1178,1:0,3,2875,192136,1462,10,526885664,6:5

170,104000,98,2:1,4,669,154836,2186,6,42365565,9:8

170,104000,98,2:1,3,7352,106433,4296,1,0,10:9

170,104000,98,2:1,5,9219,667038,3940,2,1182266,9:8

170,104000,98,2:1,7,3313,210641,4163,1,0,9:8

170,104000,98,1:0,6,3829,5026,5243,0,0,9:8

170,104000,98,2:1,10,7784,475778,5751,4,1089367,8:7

170,104000,98,1:0,11,5089,162878,5155,1,0,8:7

170,104000,98,1:0,9,2565,108341,4410,1,0,7:6

170,104000,98,2:1,11,2110,5008176,4795,1,0,8:7

397,7639,415,2:1,4,890,18612,1101,5,4429583,6:5

397,7639,415,2:1,5,1018,19487,2490,6,4430294,6:5

397,7639,415,2:1,4,1211,25907,1984,7,4014642,7:6

397,7639,415,2:1,7,1261,20494,3487,7,4615441,6:5

397,7639,415,2:1,5,384,4315,2170,4,1016879,6:5

397,7639,415,2:1,5,1018,19487,2490,5,4429589,5:4

397,7639,415,1:0,8,1507,27283,3177,6,3950895,6:5

397,7639,415,2:1,6,1032,19769,2999,6,494441,7:6

397,7639,415,2:1,5,1017,19487,2490,6,1027635,6:5

397,7639,415,2:1,6,1745,25103,3853,5,4429594,6:5

397,7639,415,1:0,1,397,7639,415,4,591277,5:4

397,7639,415,2:1,0,0,0,0,5,4003990,5:4

166,1736,3164,1:0,0,0,0,0,32,471910409,5:4

166,1736,3164,1:0,1,650,219,500,28,0,5:4

166,1736,3164,1:0,0,0,0,0,27,366320862,5:4

166,1736,3164,1:0,0,0,0,0,27,0,5:4

166,1736,3164,1:0,0,0,0,0,25,548270263,5:4

166,1736,3164,1:0,0,0,0,0,29,0,5:4

166,1736,3164,1:0,0,0,0,0,28,431151780,5:4

166,1736,3164,1:0,0,0,0,0,27,0,5:4

166,1736,3164,1:0,0,0,0,0,25,444238874,5:4

166,1736,3164,1:0,2,2685,99388,2212,23,17330934,5:4

166,1736,3164,1:0,0,0,0,0,27,358100914,5:4

166,1736,3164,1:0,0,0,0,0,25,43098755,5:4

927,5851,564,2:1,2,4436,4905851,742,7,0,5:4

927,5851,564,2:1,2,3187,10402385,979,5,0,5:4

927,5851,564,2:1,7,2911,585299,2615,1,0,3:2

927,5851,564,2:1,3,3023,39251,1622,7,125791645,4:3

927,5851,564,2:1,0,0,0,0,5,1392204478,4:3

927,5851,564,2:1,0,0,0,0,8,116268025,5:4

927,5851,564,2:1,2,1723,90400,6149,4,0,4:3

927,5851,564,2:1,1,367,7647,593,4,83903748,4:3

927,5851,564,2:1,3,6690,75176,2170,6,152722638,4:3

927,5851,564,2:1,2,5216,6809,1091,9,38658699,4:3

927,5851,564,2:1,5,2381,28343,3407,0,0,5:4

927,5851,564,2:1,4,1554,29055,1342,5,0,4:3

10211,317000,688,1:0,2,2126,72800000,420,2,14843,5:4

10211,317000,688,1:0,1,2343,10800000,739,1,0,6:5

10211,317000,688,1:0,0,0,0,0,1,0,6:5

10211,317000,688,1:0,1,8,88,239,1,0,6:5

10211,317000,688,1:0,0,0,0,0,0,0,6:5

10211,317000,688,1:0,2,4638,25399999,1281,0,0,6:5

10211,317000,688,1:0,6,2121,1626032,3121,0,0,7:6

10211,317000,688,1:0,5,6664,5532,19971,0,0,6:5

10211,317000,688,1:0,10,5654,920588,2683,1,0,8:7

883,188000,2868,1:0,20,10664,1203375,11275,6,73317,8:7

883,188000,2868,1:0,13,13547,519858,14255,6,98889,8:7

883,188000,2868,1:0,11,9054,378648,6298,6,191609,8:7

883,188000,2868,1:0,10,13164,235367618,9486,7,112164,8:7

883,188000,2868,1:0,12,11984,807592,17576,6,96330,8:7

883,188000,2868,1:0,13,5115,482993,16868,6,104083,8:7

883,188000,2868,1:0,16,15872,394935,15561,5,17303663,7:6

883,188000,2868,1:0,17,26857,240650902,11359,5,378113,8:7

883,188000,2868,1:0,21,12276,1343709,21577,5,73419,8:7

883,188000,2868,1:0,11,8006,3140275,8928,5,656425,8:7

883,188000,2868,1:0,10,4715,391100,9438,3,34624,8:7

883,188000,2868,1:0,14,1407,10200,1029,7,90949406,8:7

8211,2000000,1008,1:0,11,15362,358602263,4674,3,1222629,8:7

8211,2000000,1008,1:0,22,7957,35694,12725,0,0,8:7

8211,2000000,1008,1:0,5,1937,1202632,3458,0,0,7:6

8211,2000000,1008,1:0,13,6632,18424,13740,0,0,8:7

8211,2000000,1008,1:0,24,8826,495420,16294,1,0,9:8

8211,2000000,1008,2:1,5,17795,4002077,3538,0,0,7:6

8211,2000000,1008,1:0,30,15509,40643,14055,2,1183115,8:7

8211,2000000,1008,1:0,8,5198,26684,3225,2,1183141,11:10

8211,2000000,1008,1:0,10,9374,4908984,4250,1,0,11:10

8211,2000000,1008,1:0,17,9112,547597,15617,2,1183158,11:10

8211,2000000,1008,1:0,6,9006,21056,12364,1,0,10:9

8211,2000000,1008,1:0,10,4603,7499,4086,1,0,10:9

8211,2000000,1008,1:0,9,685,7451,3664,1,0,10:9

8211,2000000,1008,1:0,16,8993,22359,9759,1,0,11:10

8211,2000000,1008,1:0,6,5650,27164,4085,1,0,9:8

8211,2000000,1008,1:0,8,10333,10750022,4252,1,0,10:9

8211,2000000,1008,1:0,26,11359,1112338,13942,2,1183242,11:10

8211,2000000,1008,1:0,11,5309,8536274,4064,1,0,9:8

3285,17200000,880,1:0,17,28791,104727918,18482,1,0,12:11

3285,17200000,880,1:0,9,6070,17204771,8484,0,0,14:13

3285,17200000,880,1:0,13,20394,52710657,9086,0,0,12:11

3285,17200000,880,1:0,6,5172,17239582,2891,2,830,13:12

3285,17200000,880,1:0,11,11731,34982455,9614,0,0,12:11

3285,17200000,880,1:0,23,44185,172643845,20021,0,0,12:11

3285,17200000,880,1:0,6,3204,24078,3339,0,0,13:12

3285,17200000,880,1:0,8,4661,309492,5857,1,0,12:11

3285,17200000,880,1:0,6,9199,34694786,7062,0,0,12:11

3285,17200000,880,1:0,13,2643,11974,7356,11,204771079,12:11

3285,17200000,880,1:0,13,10228,34404305,6673,1,0,12:11

3285,17200000,880,1:0,16,12410,17214036,11659,0,0,13:12

3285,17200000,880,1:0,11,11220,121889130,3799,0,0,11:10

3285,17200000,880,1:0,10,12169,35415460,10629,0,0,12:11

3285,17200000,880,1:0,14,21992,27086071,9453,0,0,12:11

3285,17200000,880,1:0,7,3755,77217,4896,0,0,11:10

3285,17200000,880,1:0,10,14053,60224554,6190,0,0,12:11

3285,17200000,880,1:0,21,15621,1686873,12351,0,0,12:11

3285,17200000,880,1:0,23,14032,13949,20360,0,0,12:11

3285,17200000,880,1:0,15,18419,19848135,9696,0,0,12:11

3285,17200000,880,1:0,7,6592,25565137,4386,0,0,12:11

5240,800000,772,2:1,11,24233,105908194,6956,7,27689612,9:8

5240,800000,772,2:1,9,14469,23319741,4997,6,1183590,9:8

5240,800000,772,2:1,9,13195,1032523,7930,3,18222351,7:6

5240,800000,772,2:1,10,17062,33606020,8166,3,3711,10:9

5240,800000,772,2:1,16,20692,1771423,11480,0,0,8:7

5240,800000,772,2:1,16,16351,42402419,10594,0,0,10:9

5240,800000,772,2:1,3,2137,78676,1661,0,0,9:8

5240,800000,772,2:1,4,17533,2478400,3584,0,0,9:8

5240,800000,772,2:1,2,7053,878400,2040,0,0,8:7

5240,800000,772,2:1,7,14661,1750077,4746,0,0,9:8

5240,800000,772,2:1,13,9572,560871,12577,1,0,9:8

5240,800000,772,2:1,1,5240,800000,772,1,0,9:8

5240,800000,772,2:1,12,13523,1609685,8679,0,0,9:8

5240,800000,772,2:1,9,8154,968167,6790,0,0,9:8

5240,800000,772,2:1,19,10091,6707097,9581,9,29089307,9:8

8164,912000,327,1:0,19,9382,8744,12583,1,0,7:6

8164,912000,327,1:0,3,1118,1939499,685,1,0,7:6

8164,912000,327,1:0,3,8252,1927015,2078,1,0,7:6

8164,912000,327,1:0,1,8164,912000,327,1,0,7:6

8164,912000,327,1:0,24,6974,11364,13674,1,0,9:8

8164,912000,327,1:0,16,12101,2007377,9550,1,0,8:7

8164,912000,327,1:0,5,9244,913067,2890,1,0,7:6

8164,912000,327,1:0,15,12483,920304,7300,1,0,9:8

8164,912000,327,1:0,12,12506,1466982,5754,1,0,7:6

8164,912000,327,1:0,5,9466,999942,1203,0,0,8:7

8164,912000,327,1:0,18,25597,1943793,13058,1,0,8:7

8164,912000,327,1:0,5,14316,2913517,3152,0,0,9:8

8164,912000,327,1:0,6,11910,1349451,2324,1,0,9:8

8164,912000,327,1:0,3,9258,5836600,1847,2,25724,8:7

8164,912000,327,1:0,13,26590,42903774,8615,2,0,8:7

8164,912000,327,1:0,10,28649,4437213,3739,2,0,8:7

8164,912000,327,1:0,5,4828,2939208,3474,1,0,8:7

8164,912000,327,1:0,2,127,4485,921,2,10070,8:7

8164,912000,327,1:0,1,658,277000,69,1,0,7:6

8164,912000,327,1:0,4,14251,4716000,1984,1,0,8:7

619,6000000,370,1:0,7,10487,16466104,2132,1,0,12:11

619,6000000,370,1:0,5,2494,24291000,1784,1,0,12:11

619,6000000,370,1:0,22,23742,26566039,9504,2,127925,12:11

619,6000000,370,1:0,13,10763,42073990,6874,1,0,10:9

619,6000000,370,1:0,8,29604,18052677,5746,2,324392978,11:10

619,6000000,370,1:0,10,6135,32002721,3119,0,0,12:11

619,6000000,370,1:0,10,3849,26294264,3934,0,0,11:10

619,6000000,370,1:0,4,2496,12155765,1095,6,10105958,11:10

619,6000000,370,1:0,13,4845,12010831,9491,4,4429391,12:11

619,6000000,370,1:0,4,683,6175258,680,0,0,11:10

619,6000000,370,1:0,12,929,6078430,3840,6,42221065,12:11

619,6000000,370,1:0,15,8393,6130648,3467,2,5542413,11:10

619,6000000,370,1:0,15,8521,12944078,8735,6,31287163,10:9

619,6000000,370,1:0,7,3280,18016459,2847,8,45464523,11:10

619,6000000,370,1:0,22,7261,13427858,13726,2,32447,12:11

619,6000000,370,1:0,11,7054,18182534,5089,4,324439485,11:10

619,6000000,370,1:0,5,8897,6156900,2342,2,32447,11:10

619,6000000,370,1:0,18,11202,6489516,15514,0,0,12:11

619,6000000,370,2:1,9,4091,18002475,6504,1,0,11:10

619,6000000,370,2:1,4,186,295507,2699,1,0,11:10

619,6000000,370,1:0,9,3445,18011443,3849,6,118395,12:11

619,6000000,370,1:0,8,4342,18009217,4276,1,0,10:9

619,6000000,370,2:1,14,5587,12400532,5519,4,28046635,11:10

619,6000000,370,1:0,10,3386,18005383,6024,4,59416,12:11

1835,230000,120,1:0,4,2227,1076,3013,1,0,8:7

1835,230000,120,1:0,11,3812,11237,9634,1,0,8:7

1835,230000,120,1:0,8,7035,5595,5690,1,0,8:7

1835,230000,120,1:0,5,1916,2867,3487,0,0,8:7

1835,230000,120,1:0,1,2107,11900000,761,0,0,7:6

1835,230000,120,1:0,10,6636,46347,5797,1,0,9:8

1835,230000,120,1:0,0,0,0,0,0,0,7:6

1835,230000,120,1:0,7,1853,2408,2464,1,0,10:9

1835,230000,120,1:0,0,0,0,0,0,0,7:6

1835,230000,120,1:0,19,14247,10371,12885,0,0,9:8

1835,230000,120,1:0,19,4895,6771,5564,1,0,9:8

1835,230000,120,1:0,0,0,0,0,0,0,6:5

1835,230000,120,1:0,0,0,0,0,0,0,6:5

1835,230000,120,1:0,0,0,0,0,0,0,6:5

1835,230000,120,1:0,2,3778,2700092,2565,1,0,7:6

1835,230000,120,1:0,1,248,453,440,1,0,7:6

1835,230000,120,1:0,0,0,0,0,0,0,6:5

1835,230000,120,1:0,0,0,0,0,0,0,7:6

1835,230000,120,1:0,1,1671,17600000,491,0,0,6:5

1835,230000,120,1:0,4,5539,9600667,1837,0,0,6:5

1835,230000,120,1:0,2,1516,656,1106,0,0,8:7

1835,230000,120,1:0,0,0,0,0,2,3080046,8:7

1835,230000,120,1:0,4,1598,1106,1897,0,0,7:6

1835,230000,120,1:0,0,0,0,0,1,0,7:6

1835,230000,120,1:0,0,0,0,0,1,0,7:6

1835,230000,120,1:0,0,0,0,0,0,0,7:6

1835,230000,120,1:0,0,0,0,0,0,0,7:6

385,113000,257,1:0,5,1629,339536,1276,2,57492182,7:6

385,113000,257,1:0,1,133,32,117,1,0,9:8

385,113000,257,1:0,5,3717,482150,2322,3,270083,6:5

385,113000,257,2:1,5,1540,452000,1028,0,0,7:6

385,113000,257,1:0,2,3130,392200,489,2,965536,6:5

385,113000,257,1:0,8,4974,786842,3103,1,0,8:7

385,113000,257,1:0,11,9465,1548986,6192,1,0,8:7

385,113000,257,1:0,2,4211,1300003,282,1,0,6:5

385,113000,257,1:0,4,1328,226983,2082,1,0,7:6

385,113000,257,1:0,4,1271,226332,1006,0,0,8:7

385,113000,257,1:0,1,2047,187,399,0,0,8:7

385,113000,257,1:0,1,474,536,505,1,0,7:6

385,113000,257,1:0,2,757,771,1254,1,0,8:7

385,113000,257,2:1,8,2496,114998,3487,7,1459543999,8:7

385,113000,257,1:0,3,1155,339000,771,1,0,7:6

385,113000,257,1:0,1,1758,51900,954,1,0,7:6

385,113000,257,1:0,19,5370,345568,9854,1,0,8:7

385,113000,257,1:0,6,4341,972602,3385,1,0,8:7

385,113000,257,1:0,4,1351,339450,1316,0,0,7:6

385,113000,257,1:0,2,1126,107479,1259,1,0,8:7

385,113000,257,1:0,2,510,113290,855,1,0,8:7

385,113000,257,1:0,25,8304,119818,17441,1,0,8:7

385,113000,257,1:0,2,385,113000,257,1,0,7:6

385,113000,257,1:0,5,3512,2002502,5895,0,0,7:6

385,113000,257,1:0,4,1230,415600,877,1,0,7:6

385,113000,257,1:0,8,10447,3574,4948,2,1858316,8:7

385,113000,257,1:0,4,3507,14514186,1223,0,0,8:7

5389,59100000,468,1:0,4,7020,61600861,1859,1,0,12:11

5389,59100000,468,1:0,1,886,182,292,4,552367,11:10

5389,59100000,468,1:0,3,16167,177300000,1404,3,535472,11:10

5389,59100000,468,1:0,3,5549,61200593,5126,1,0,11:10

5389,59100000,468,1:0,7,26547,342916168,5502,2,514092,11:10

5389,59100000,468,1:0,5,18405,120900472,7195,3,535472,12:11

5389,59100000,468,1:0,3,14349,224200000,1177,2,16895,11:10

5389,59100000,468,1:0,6,16581,177301145,2320,4,38867,11:10

5389,59100000,468,1:0,11,23673,179045092,4457,4,38867,11:10

5389,59100000,468,1:0,8,22310,236401610,4316,2,194,12:11

5389,59100000,468,1:0,20,81045,408355184,44866,2,306190,11:10

5389,59100000,468,1:0,7,5222,174664,14672,3,170449,12:11

5389,59100000,468,1:0,3,8318,2819042,7041,3,43083,12:11

5389,59100000,468,1:0,12,32860,295544929,8632,5,789747,11:10

5389,59100000,468,1:0,8,204,773,1614,3,58454,12:11

5389,59100000,468,1:0,3,1605,2507934,6407,3,37274,12:11

5389,59100000,468,1:0,10,28461,295517583,10198,4,768367,11:10

5389,59100000,468,1:0,14,38051,181750052,12279,5,59916550,11:10

5389,59100000,468,1:0,5,7713,59117831,8321,4,552367,11:10

5389,59100000,468,1:0,4,6810,59101656,2409,3,1961733,12:11

10499,4300000,474,2:1,10,941,108027216,4847,0,0,10:9

10499,4300000,474,1:0,6,22962,8610946,2624,1,0,9:8

10499,4300000,474,1:0,4,89,666,1696,1,0,11:10

10499,4300000,474,1:0,8,14418,21962421,3044,1,0,10:9

10499,4300000,474,1:0,7,3411,68511028,1913,1,0,10:9

10499,4300000,474,1:0,6,3439,42119,10104,1,0,9:8

10499,4300000,474,1:0,6,15145,11301613,3972,1,0,9:8

10499,4300000,474,2:1,4,3918,15222089,3296,0,0,9:8

10499,4300000,474,1:0,4,5866,6786326,1823,1,0,9:8

10499,4300000,474,2:1,3,5666,14017500,2023,0,0,9:8

10499,4300000,474,2:1,9,24929,21136048,5796,1,0,10:9

10499,4300000,474,2:1,4,12729,10317500,4035,0,0,9:8

10499,4300000,474,1:0,8,846,32662,4261,0,0,10:9

10499,4300000,474,1:0,5,5558,82566,7333,1,0,9:8

10499,4300000,474,1:0,6,5235,140702783,3542,1,0,11:10

10499,4300000,474,1:0,5,3338,39803150,2437,1,0,10:9

10499,4300000,474,1:0,6,444,216001338,2734,1,0,11:10

10499,4300000,474,1:0,4,1133,13500000,3785,1,0,10:9

10499,4300000,474,1:0,11,638,3235,6027,1,0,11:10

10499,4300000,474,1:0,5,5635,99804625,2581,2,57467,9:8

10499,4300000,474,1:0,3,1174,705220,2139,1,0,10:9

10499,4300000,474,1:0,0,0,0,0,1,0,10:9

10499,4300000,474,1:0,10,6415,21606348,8438,1,0,10:9

10499,4300000,474,1:0,6,1904,3004827,5100,1,0,10:9

10499,4300000,474,1:0,3,984,6800093,91,1,0,9:8

13391,4400000,1088,1:0,9,3286,216000932,2790,2,13679259,10:9

13391,4400000,1088,1:0,24,19984,4668133,12405,2,433107,10:9

13391,4400000,1088,1:0,5,8044,34400679,3245,3,680120,11:10

13391,4400000,1088,1:0,12,12161,3440,7688,2,327158,10:9

13391,4400000,1088,1:0,7,9201,23382,11165,2,433115,11:10

13391,4400000,1088,1:0,1,47,245,584,0,0,11:10

13391,4400000,1088,1:0,10,4780,7073,9860,2,158496,11:10

13391,4400000,1088,2:1,3,251,1342,2243,1,0,11:10

13391,4400000,1088,2:1,13,9168,2087,3664,0,0,11:10

13391,4400000,1088,2:1,7,2276,1782,3002,1,0,11:10

13391,4400000,1088,2:1,11,4325,3698,3550,1,0,10:9

13391,4400000,1088,2:1,2,468,311,551,2,313440,11:10

13391,4400000,1088,2:1,10,5021,14404674,6925,1,0,11:10

13391,4400000,1088,1:0,4,844,680,2364,0,0,10:9

7691,1200000,1994,1:0,4,1866,19900812,1368,1,0,8:7

7691,1200000,1994,1:0,8,1776,20802211,6549,1,0,8:7

7691,1200000,1994,1:0,2,308,669,2657,1,0,9:8

7691,1200000,1994,1:0,4,4677,65400242,3425,0,0,9:8

7691,1200000,1994,1:0,10,7361,218700580,3314,0,0,8:7

7691,1200000,1994,1:0,4,3283,6517804,3333,1,0,8:7

7691,1200000,1994,1:0,7,13390,94801970,6094,1,0,9:8

7691,1200000,1994,1:0,4,6876,238001700,3838,1,0,8:7

7691,1200000,1994,1:0,0,0,0,0,1,0,8:7

7691,1200000,1994,1:0,3,318,216000789,4621,1,0,9:8

7691,1200000,1994,1:0,3,117,700,1172,1,0,9:8

7691,1200000,1994,1:0,0,0,0,0,1,0,9:8

7691,1200000,1994,1:0,0,0,0,0,1,0,8:7

7691,1200000,1994,1:0,9,1391,6050,6007,1,0,8:7

7691,1200000,1994,1:0,1,2343,10800000,739,1,0,8:7

7691,1200000,1994,1:0,7,1999,10201047,1182,1,0,8:7

7691,1200000,1994,1:0,6,17357,33601816,7098,1,0,9:8

7691,1200000,1994,1:0,16,3770,10406227,10773,1,0,8:7

7691,1200000,1994,1:0,1,54,1247,3360,0,0,7:6

7691,1200000,1994,1:0,5,2620,18322,3885,0,0,8:7

7691,1200000,1994,1:0,1,2424,847000,1336,0,0,7:6

7691,1200000,1994,1:0,7,14001,101002258,5083,0,0,9:8

7691,1200000,1994,1:0,2,1227,974,868,0,0,8:7

7691,1200000,1994,1:0,7,2035,38751,4491,0,0,10:9

7691,1200000,1994,1:0,15,3731,1207018,14791,0,0,9:8

7691,1200000,1994,1:0,11,11922,285258074,9217,0,0,9:8

7691,1200000,1994,1:0,2,7817,1200372,3188,1,0,7:6

2301,436000,295,1:0,10,18869,3531271,5061,3,3186,9:8

2301,436000,295,1:0,1,2301,436000,295,1,0,10:9

2301,436000,295,1:0,13,6123,446248,10832,1,0,10:9

2301,436000,295,1:0,16,16505,3439246,5707,1,0,7:6

2301,436000,295,1:0,12,25574,6036093,4540,1,0,9:8

2301,436000,295,1:0,0,0,0,0,1,0,8:7

2301,436000,295,1:0,4,5953,613808,3187,3,56746090,8:7

2301,436000,295,1:0,9,12510,2829263,5459,1,0,8:7

2301,436000,295,1:0,6,8804,1050535,4783,0,0,9:8

2301,436000,295,1:0,3,6903,1308000,885,3,38504831,9:8

2301,436000,295,1:0,4,13452,1454000,1921,2,3930,10:9

2301,436000,295,1:0,9,10931,1864217,5193,3,147186,10:9

2301,436000,295,1:0,3,6903,1308000,885,2,1400052,8:7

2301,436000,295,1:0,5,5453,872608,3947,2,839,8:7

2301,436000,295,1:0,7,18611,9380479,3013,0,0,9:8

2301,436000,295,1:0,4,6903,1308069,885,2,423714811,8:7

2301,436000,295,1:0,3,2248,1210,2379,2,0,9:8

2301,436000,295,1:0,6,8085,873100,3054,2,4162,9:8

2301,436000,295,1:0,18,15890,701448,11686,3,17675836,9:8

2301,436000,295,1:0,4,8006,1314993,2819,0,0,8:7

2301,436000,295,1:0,9,15828,875550,8290,0,0,7:6

2301,436000,295,1:0,1,2301,436000,295,0,0,8:7

2301,436000,295,1:0,6,9361,1310462,8810,2,261,8:7

1517,250000,1146,2:1,26,15613,8159227,15678,0,0,9:8

1517,250000,1146,1:0,13,11837,1528034,11868,0,0,9:8

1517,250000,1146,1:0,1,1517,250000,1146,1,0,9:8

1517,250000,1146,2:1,6,6765,1001767,8445,0,0,9:8

1517,250000,1146,2:1,3,4312,252071,3265,0,0,9:8

1517,250000,1146,2:1,4,6565,277896,5974,0,0,9:8

1517,250000,1146,1:0,12,11269,1034516,11653,0,0,9:8

1517,250000,1146,2:1,6,3966,943391,5422,0,0,9:8

1517,250000,1146,2:1,9,4963,546194,7723,6,9626361,9:8

1517,250000,1146,2:1,10,6821,548490,8983,0,0,9:8

1517,250000,1146,2:1,14,10109,1084582,12315,3,902,9:8

1517,250000,1146,2:1,9,8924,1030978,9647,0,0,8:7

1517,250000,1146,2:1,19,12700,1009849,8571,0,0,9:8

1517,250000,1146,1:0,8,8341,1095614,8832,0,0,9:8

1517,250000,1146,2:1,9,9004,570799,7581,4,4236850,8:7

1517,250000,1146,1:0,10,7745,1769846,7811,0,0,9:8

1517,250000,1146,1:0,8,7421,757008,8778,0,0,9:8

1517,250000,1146,1:0,5,2571,600379,4296,0,0,9:8

1517,250000,1146,1:0,16,9083,840529,12454,0,0,9:8

1517,250000,1146,1:0,3,2044,585632,8182,1,0,9:8

1517,250000,1146,2:1,15,12469,1559642,12386,0,0,9:8

1517,250000,1146,1:0,9,8535,1352808,14125,0,0,9:8

1517,250000,1146,1:0,17,10623,783419,19569,0,0,9:8

1517,250000,1146,2:1,10,9251,4084118,8365,0,0,9:8

1517,250000,1146,1:0,6,4901,766676,5681,0,0,9:8

1945,1400000,601,2:1,15,9871,6257141,6145,2,25683,11:10

1945,1400000,601,1:0,7,1933,2803011,2760,0,0,11:10

1945,1400000,601,2:1,9,10584,3608019,8257,0,0,11:10

1945,1400000,601,2:1,11,7608,5958804,5986,2,2821693,10:9

1945,1400000,601,2:1,9,4741,1405357,5412,2,368,10:9

1945,1400000,601,2:1,13,10752,5772117,6236,2,83883813,10:9

1945,1400000,601,2:1,14,8303,1591216,11000,2,50576619,10:9

1945,1400000,601,1:0,12,7229,2806290,7435,0,0,10:9

1945,1400000,601,2:1,6,2690,1401732,2676,0,0,10:9

1945,1400000,601,2:1,6,3958,1571796,2067,1,0,9:8

1945,1400000,601,1:0,10,7666,2860878,4741,4,16243002,11:10

1945,1400000,601,1:0,7,3671,1404872,4332,2,0,10:9

1945,1400000,601,1:0,14,3525,1408253,7290,2,3175622,11:10

1945,1400000,601,1:0,15,7749,4460963,8178,0,0,10:9

1945,1400000,601,2:1,13,3560,3711,5131,0,0,9:8

1945,1400000,601,2:1,7,6469,5010869,4739,2,7890109,10:9

1945,1400000,601,2:1,11,3157,1403251,5566,0,0,9:8

1945,1400000,601,2:1,10,4654,2084407,4585,0,0,9:8

1945,1400000,601,2:1,9,2006,7743,6725,2,83883935,9:8

1945,1400000,601,2:1,11,7076,4206035,8027,4,53779765,10:9

1945,1400000,601,2:1,6,7212,2127348,3402,1,0,9:8

1945,1400000,601,2:1,4,7424,2125420,1806,4,29453798,9:8

1945,1400000,601,1:0,13,7429,2822078,7105,3,29453801,9:8

1945,1400000,601,2:1,9,11454,4101925,4321,0,0,9:8

1945,1400000,601,2:1,13,8764,5086593,5081,4,995259,10:9

228,1700000,340,1:0,10,3366,1704696,4371,3,1619054,12:11

228,1700000,340,1:0,18,8191,5105088,12835,0,0,10:9

228,1700000,340,1:0,16,6553,1863954,14151,1,0,11:10

228,1700000,340,1:0,12,3671,3717540,6337,2,481105,11:10

228,1700000,340,1:0,16,2333,13138,8498,3,100557635,11:10

228,1700000,340,1:0,5,829,5102124,2311,1,0,10:9

228,1700000,340,1:0,7,1623,3603364,3499,1,0,10:9

228,1700000,340,1:0,26,7741,3139603,11878,8,265419123,11:10

228,1700000,340,1:0,16,6462,6352109,7409,5,243440856,11:10

228,1700000,340,1:0,16,6811,59000,6689,0,0,10:9

228,1700000,340,1:0,14,7571,2215009,9732,3,3503080,11:10

228,1700000,340,1:0,4,540,1701202,1825,1,0,11:10

228,1700000,340,1:0,4,1402,144943,1443,4,34902652,9:8

228,1700000,340,1:0,17,2050,1711411,9034,2,12028357,10:9

228,1700000,340,1:0,19,11254,30600709,14974,0,0,10:9

228,1700000,340,1:0,13,2934,1753959,7974,10,212852714,10:9

228,1700000,340,1:0,11,4408,1712204,7074,3,58936695,9:8

228,1700000,340,1:0,19,6302,1855212,7099,3,424003480,11:10

228,1700000,340,1:0,15,5912,2327820,6197,1,0,10:9

228,1700000,340,1:0,14,8435,9568911,14478,5,49497682,10:9

228,1700000,340,1:0,18,5914,4137007,9263,3,4053851,11:10

228,1700000,340,1:0,11,3616,1705164,9853,10,1094713241,10:9

228,1700000,340,1:0,17,10174,598884,14112,2,131906,11:10

228,1700000,340,1:0,8,3203,148595,4647,13,116911667,10:9

228,1700000,340,1:0,14,3634,8621,9130,3,60797342,12:11

1385,141000,324,1:0,5,520,5925,4850,1,0,9:8

1385,141000,324,1:0,4,3916,150464,6153,1,0,8:7

1385,141000,324,1:0,1,1083,66900,38,1,0,8:7

1385,141000,324,1:0,6,9587,1246096,4148,1,0,9:8

1385,141000,324,1:0,0,0,0,0,1,0,8:7

1385,141000,324,1:0,2,4007,1419,1513,1,0,8:7

1385,141000,324,1:0,1,558,95700,473,1,0,8:7

1385,141000,324,1:0,6,2033,145362,4336,1,0,9:8

1385,141000,324,1:0,2,1449,141854,738,1,0,8:7

1385,141000,324,1:0,3,2907,276109,2701,2,156025,8:7

1385,141000,324,1:0,0,0,0,0,1,0,8:7

1385,141000,324,1:0,2,596,1201,552,1,0,8:7

1385,141000,324,1:0,4,3723,166204,2440,1,0,8:7

1385,141000,324,1:0,1,63,1105,710,1,0,8:7

1385,141000,324,1:0,3,3881,435000,1215,1,0,8:7

1385,141000,324,1:0,0,0,0,0,1,0,8:7

1385,141000,324,1:0,0,0,0,0,1,0,8:7

1385,141000,324,1:0,5,2401,471088,2028,2,11854086,9:8

9127,8800000,4583,1:0,2,1632,240908,117,0,0,9:8

9127,8800000,4583,2:1,4,18855,17603113,10371,1,0,10:9

9127,8800000,4583,2:1,3,11232,12300373,5794,1,0,10:9

9127,8800000,4583,2:1,10,41749,35209861,21576,0,0,10:9

9127,8800000,4583,2:1,4,18635,17635253,10135,1,0,11:10

9127,8800000,4583,2:1,9,5106,3216362,6976,0,0,11:10

9127,8800000,4583,2:1,4,2269,151781,2734,0,0,10:9

9127,8800000,4583,2:1,8,12611,8952430,8231,0,0,11:10

9127,8800000,4583,1:0,8,19671,17604751,14733,1,0,11:10

9127,8800000,4583,2:1,3,11719,9218000,5002,1,0,10:9

9127,8800000,4583,2:1,4,11022,9101237,4887,1,0,10:9

9127,8800000,4583,2:1,7,30562,26728213,16684,1,0,11:10

9127,8800000,4583,2:1,8,29424,26517321,16316,0,0,10:9

9127,8800000,4583,2:1,1,9127,8800000,4583,0,0,10:9

9127,8800000,4583,2:1,2,10656,8835200,6253,2,3080368,10:9

9127,8800000,4583,1:0,2,9225,8801124,5705,0,0,11:10

9127,8800000,4583,2:1,5,9421,9270566,6898,2,3080368,10:9

9127,8800000,4583,1:0,4,20720,18937000,10407,1,0,10:9

9127,8800000,4583,2:1,8,16388,9016442,12055,1,0,9:8

9127,8800000,4583,1:0,4,19286,17601151,10439,1,0,10:9

9127,8800000,4583,1:0,3,18286,17600161,9394,1,0,11:10

9127,8800000,4583,2:1,11,24986,17662926,12859,2,3080372,9:8

9127,8800000,4583,2:1,4,9677,8809391,5721,1,0,10:9

9127,8800000,4583,1:0,2,11579,10900000,5332,3,320421,10:9

9127,8800000,4583,1:0,9,12168,9052076,10602,1,0,10:9

9127,8800000,4583,1:0,5,932,906,3195,1,0,10:9

902,1300000,196,1:0,13,8864,12458,30261,2,327607,10:9

902,1300000,196,2:1,18,4766,1618534,10523,5,162737628,9:8

902,1300000,196,1:0,27,1523,39139,12521,3,9207098,9:8

902,1300000,196,2:1,25,2100,323596,8617,0,0,9:8

902,1300000,196,1:0,22,12730,49349,13823,3,6355387,10:9

902,1300000,196,2:1,21,1162,32814,12912,0,0,10:9

902,1300000,196,1:0,1,520,212000,2,1,0,9:8

1842,57100,1239,1:0,5,3619,61219,3907,1,0,10:9

1842,57100,1239,1:0,7,12023,159430,7252,2,1186626,9:8

1842,57100,1239,1:0,1,2950,256000,606,0,0,5:4

1842,57100,1239,2:1,1,1842,57100,1239,0,0,6:5

1842,57100,1239,1:0,0,0,0,0,0,0,6:5

1842,57100,1239,1:0,10,3275,6150,5604,0,0,7:6

1842,57100,1239,1:0,7,8201,516524,6759,1,0,7:6

1842,57100,1239,1:0,6,4376,137643,4898,1,0,6:5

1842,57100,1239,1:0,1,4122,89800,1226,1,0,6:5

1842,57100,1239,2:1,0,0,0,0,1,0,5:4

1842,57100,1239,2:1,8,11120,415589,7505,0,0,6:5

1842,57100,1239,1:0,0,0,0,0,0,0,6:5

1842,57100,1239,1:0,2,2428,58408,2493,1,0,6:5

1842,57100,1239,1:0,6,5735,135644,6322,0,0,6:5

1842,57100,1239,1:0,28,15213,32084,25918,0,0,7:6

1842,57100,1239,1:0,4,6469,58589,7697,1,0,6:5

1842,57100,1239,1:0,1,8805,203000,1449,0,0,5:4

1842,57100,1239,2:1,2,1053,24342,1381,1,0,5:4

1842,57100,1239,1:0,7,7657,58933,11705,0,0,6:5

1842,57100,1239,1:0,1,887,65000,667,0,0,6:5

1842,57100,1239,1:0,3,2694,179743,4199,0,0,6:5

1842,57100,1239,1:0,7,4843,122894,4957,2,32299,5:4

1842,57100,1239,1:0,8,9747,1858382,7233,0,0,7:6

1842,57100,1239,1:0,0,0,0,0,0,0,7:6

1842,57100,1239,1:0,1,4270,911000,767,0,0,6:5

1842,57100,1239,1:0,24,14050,16279,20356,0,0,7:6

1842,57100,1239,1:0,3,4897,911720,2220,1,0,6:5

3146,2300000,49,1:0,17,1192,9743,9812,0,0,11:10

3146,2300000,49,1:0,16,2124,13097,9459,0,0,11:10

3146,2300000,49,1:0,25,4695,12709,10286,0,0,11:10

57,475,410,1:0,6,1301,2687,1992,2,0,4:3

57,475,410,1:0,19,2802,18905,6871,6,32494381,5:4

57,475,410,1:0,5,1073,2699,1891,5,2276871,5:4

57,475,410,2:1,11,1522,4984,3604,6,7462193,4:3

57,475,410,1:0,6,998,2413,2206,5,2399378,5:4

57,475,410,2:1,4,590,2075,1544,4,7993251,4:3

57,475,410,2:1,4,458,2363,1924,4,49181,5:4

57,475,410,2:1,13,1388,4592,3706,5,598559,5:4

57,475,410,2:1,0,0,0,0,5,43679741,5:4

57,475,410,2:1,5,496,11801,1156,3,21514434,5:4

57,475,410,2:1,1,52,152,323,6,35392407,4:3

57,475,410,2:1,1,272,586,352,5,60166931,4:3

3589,226000,312,1:0,10,5381,2975,3494,9,11946621,7:6

3589,226000,312,1:0,4,2044,179114,3034,4,190224,8:7

3589,226000,312,1:0,12,15798,553914,6248,0,0,8:7

3589,226000,312,1:0,5,7968,452767,1663,4,85826,7:6

3589,226000,312,1:0,11,4739,5506,6961,6,8527646,8:7

3589,226000,312,1:0,17,5235,4527,6860,6,8087284,7:6

3589,226000,312,1:0,6,2887,3096,3165,7,8423406,8:7

3589,226000,312,1:0,25,15521,206928,14787,9,4891895,8:7

3589,226000,312,1:0,13,18870,906512,5736,6,63313788,8:7

3589,226000,312,1:0,9,5024,246843,9537,7,58885982,7:6

3589,226000,312,1:0,16,5856,11864,9875,8,57962219,8:7

3589,226000,312,1:0,12,7080,230802,5224,9,25396075,8:7

3589,226000,312,1:0,10,8092,274806,4037,6,7940451,8:7

3589,226000,312,1:0,14,22081,920546,13270,6,932395,8:7

3589,226000,312,1:0,15,13536,456949,6993,7,6373659,8:7

3589,226000,312,1:0,12,8713,231341,7276,6,7110728,8:7

3589,226000,312,1:0,6,8671,488164,1599,2,647484,8:7

3589,226000,312,1:0,7,1477,2866,3328,9,38976247,8:7

3589,226000,312,1:0,7,5373,462680,4026,0,0,8:7

3589,226000,312,1:0,10,7053,229153,4009,5,12696763,8:7

3589,226000,312,1:0,5,9848,387,1227,6,57727252,8:7

3589,226000,312,1:0,10,3033,4616,5323,8,25356582,8:7

3589,226000,312,1:0,16,10880,232919,6488,10,3122048,8:7

3589,226000,312,1:0,19,13469,736451,9865,7,23592756,8:7

3589,226000,312,1:0,9,6449,251588,3707,6,100918878,8:7

3589,226000,312,1:0,2,239,3628,413,6,14335586,8:7

3882,200000,387,2:1,10,12062,736509,3395,1,0,7:6

3882,200000,387,1:0,7,7169,341097,3504,0,0,7:6

3882,200000,387,1:0,12,7929,1690254,4745,0,0,7:6

3882,200000,387,1:0,7,9013,400506,2377,1,0,8:7

3882,200000,387,1:0,13,10131,1488740,7819,0,0,8:7

3882,200000,387,1:0,11,4914,3927,6088,0,0,8:7

3882,200000,387,1:0,0,0,0,0,0,0,7:6

3882,200000,387,1:0,8,4227,2624,4548,1,0,8:7

3882,200000,387,1:0,6,5404,1599903,1903,0,0,7:6

3882,200000,387,1:0,5,5789,201374,2983,0,0,8:7

3882,200000,387,1:0,5,8295,259499,2162,0,0,7:6

3882,200000,387,1:0,3,978,6219,1887,0,0,7:6

3882,200000,387,1:0,4,3047,1154006,1551,0,0,7:6

3882,200000,387,1:0,6,12777,365307,2063,0,0,7:6

3882,200000,387,1:0,9,6895,1195119,4887,0,0,7:6

3882,200000,387,1:0,12,10344,1221458,6759,0,0,7:6

3882,200000,387,1:0,1,166,1427,7057,0,0,7:6

3882,200000,387,1:0,20,10005,1199155,6723,0,0,7:6

3882,200000,387,1:0,15,11860,655822,5044,0,0,8:7

3882,200000,387,1:0,0,0,0,0,0,0,7:6

3882,200000,387,1:0,7,13384,1227196,1980,1,0,7:6

3882,200000,387,1:0,7,8211,205502,4068,1,0,7:6

3882,200000,387,1:0,2,4072,200204,748,1,0,7:6

3882,200000,387,1:0,11,7490,357311,6896,1,0,8:7

1025,11800,556,2:1,11,20844,822012,8269,0,0,6:5

1025,11800,556,1:0,3,3015,36084,3610,0,0,5:4

1025,11800,556,2:1,6,2779,7293,4092,2,82362969,6:5

1025,11800,556,1:0,2,6377,170500,781,0,0,6:5

1025,11800,556,2:1,5,8548,13387386,8822,0,0,6:5

1025,11800,556,2:1,10,11665,6429458,5425,0,0,7:6

1025,11800,556,2:1,18,44777,13567731,25358,2,36278063,6:5

1025,11800,556,2:1,9,27096,24698121,7032,0,0,6:5

1025,11800,556,1:0,13,19164,4998321,17582,0,0,7:6

1025,11800,556,1:0,17,37692,954564,25174,4,129431643,6:5

1025,11800,556,2:1,7,6068,65339,10594,0,0,6:5

1025,11800,556,2:1,9,9476,1526754,13145,0,0,6:5

1025,11800,556,1:0,8,6786,79076,13378,1,0,6:5

1025,11800,556,1:0,10,11076,72070,8845,2,29685592,6:5

1025,11800,556,2:1,3,1254,3379,1058,0,0,6:5

1025,11800,556,1:0,11,14527,11153282,8872,2,8178259,5:4

1025,11800,556,2:1,9,7384,658211,8005,0,0,5:4

1025,11800,556,2:1,1,6114,71600,1560,0,0,5:4

1025,11800,556,2:1,0,0,0,0,12,799303791,5:4

1025,11800,556,2:1,6,8344,123954,6825,1,0,5:4

1025,11800,556,1:0,4,4642,226666,4018,0,0,5:4

1025,11800,556,2:1,13,10085,186956,18811,3,41459383,7:6

1025,11800,556,1:0,3,2330,9113,3477,2,3026852,5:4

1025,11800,556,2:1,11,11296,128416,7971,2,3558663,6:5

1025,11800,556,2:1,9,7252,60052,10376,0,0,6:5

1025,11800,556,2:1,5,1498,44615,13521,2,2605438,5:4

1025,11800,556,2:1,13,7853,60836,9365,2,2535487,6:5

91,4558,517,2:1,11,68764,12620927,19026,28,390006528,5:4

91,4558,517,2:1,7,19228,3290856,9869,29,896458899,5:4

91,4558,517,2:1,8,19491,3333322,11742,29,1300358098,6:5

91,4558,517,2:1,16,20592,3356518,17303,29,859807970,6:5

91,4558,517,2:1,14,20828,3371253,16486,29,891586244,6:5

91,4558,517,2:1,16,21590,3372206,16364,29,72829792,6:5

91,4558,517,2:1,16,21994,3659992,18249,29,922169260,6:5

91,4558,517,2:1,16,21676,3372139,17804,29,922170177,6:5

91,4558,517,2:1,12,20878,4355758,11466,29,35954717,7:6

91,4558,517,2:1,7,17697,3164555,10092,29,13095469,6:5

91,4558,517,2:1,6,17022,3123894,10239,29,35954831,7:6

91,4558,517,2:1,10,19065,3198350,11898,29,828657283,8:7

91,4558,517,2:1,13,18176,3135769,16059,29,834680177,7:6

91,4558,517,2:1,7,16811,3132568,9526,29,13095555,7:6

91,4558,517,2:1,6,16832,3123689,9317,29,35954975,6:5

91,4558,517,2:1,8,17804,3131282,9721,29,836543365,7:6

91,4558,517,2:1,6,17093,3136406,9242,29,854495073,7:6

91,4558,517,2:1,5,17099,3124369,9123,29,853228846,6:5

91,4558,517,2:1,8,21767,3568478,11787,29,825968948,6:5

91,4558,517,2:1,12,69260,12634896,25335,28,351543200,7:6

91,4558,517,2:1,8,17961,3129185,11259,29,860354344,6:5

91,4558,517,2:1,5,55514,10942000,8348,31,1329827168,5:4

91,4558,517,2:1,17,59754,11035024,15682,31,1014837594,6:5

91,4558,517,2:1,11,58631,11297080,15816,31,578834155,6:5

1466,154000,510,2:1,6,2292,156820,3420,1,0,7:6

1466,154000,510,2:1,2,113,18689,248,1,0,7:6

1466,154000,510,2:1,8,6311,225310,4247,1,0,7:6

1466,154000,510,2:1,2,1376,2060,901,1,0,7:6

1466,154000,510,2:1,9,5630,361749,3724,1,0,7:6

1466,154000,510,2:1,3,2189,155764,2943,1,0,8:7

1466,154000,510,2:1,2,1971,26346,965,1,0,8:7

1466,154000,510,2:1,16,17319,1128174,10420,1,0,8:7

1466,154000,510,2:1,7,5192,298008,4380,1,0,8:7

1466,154000,510,2:1,5,4445,303276,2888,1,0,7:6

1466,154000,510,2:1,4,2057,155473,1752,1,0,8:7

1466,154000,510,2:1,8,5877,418799,3108,1,0,7:6

1466,154000,510,2:1,7,5341,234122,12869,1,0,7:6

1466,154000,510,2:1,10,5729,309838,4575,1,0,8:7

1466,154000,510,2:1,9,17740,1644079,5769,1,0,8:7

1466,154000,510,2:1,6,4764,168660,8906,1,0,7:6

1466,154000,510,2:1,0,0,0,0,1,0,7:6

1466,154000,510,2:1,2,1626,175900,759,1,0,7:6

1466,154000,510,2:1,6,7576,182778,4968,1,0,7:6

1466,154000,510,2:1,7,3003,231194,2380,1,0,7:6

1466,154000,510,2:1,4,2718,156429,1637,1,0,7:6

1466,154000,510,2:1,1,448,1448,874,1,0,7:6

1466,154000,510,2:1,16,15305,565621,14173,1,0,7:6

1466,154000,510,2:1,0,0,0,0,1,0,7:6

1466,154000,510,2:1,5,5218,2159921,2599,1,0,7:6

1466,154000,510,2:1,8,10160,950930,4976,1,0,7:6

1466,154000,510,2:1,9,7667,579677,3686,1,0,7:6

899,67800,211,2:1,5,1774,22165,4655,3,438382,6:5

899,67800,211,2:1,2,2154,10627,4411,7,1077799474,6:5

899,67800,211,2:1,0,0,0,0,1,0,6:5

899,67800,211,2:1,0,0,0,0,6,453343921,6:5

899,67800,211,1:0,1,35,71,384,11,520943827,6:5

899,67800,211,2:1,2,947,68292,764,11,520944090,6:5

899,67800,211,2:1,1,965,65000,2589,13,717682195,6:5

899,67800,211,2:1,0,0,0,0,10,520944470,6:5

899,67800,211,1:0,0,0,0,0,12,0,3:2

899,67800,211,2:1,0,0,0,0,12,0,6:5

899,67800,211,2:1,0,0,0,0,12,0,5:4

899,67800,211,2:1,0,0,0,0,13,518718259,5:4

899,67800,211,2:1,0,0,0,0,9,318221350,6:5

899,67800,211,2:1,0,0,0,0,8,253482383,6:5

899,67800,211,2:1,0,0,0,0,7,0,6:5

899,67800,211,2:1,0,0,0,0,1,0,5:4

899,67800,211,2:1,0,0,0,0,8,814233926,5:4

899,67800,211,2:1,2,1900,68780,1038,7,269535157,6:5

899,67800,211,2:1,0,0,0,0,5,0,5:4

899,67800,211,2:1,13,1181,12758,5768,8,0,6:5

899,67800,211,2:1,0,0,0,0,7,269385919,6:5

899,67800,211,1:0,1,354,49,173,6,268462247,6:5

899,67800,211,1:0,1,138,3736,922,5,258406834,6:5

899,67800,211,2:1,0,0,0,0,5,258406911,5:4

899,67800,211,2:1,0,0,0,0,8,0,5:4

899,67800,211,2:1,0,0,0,0,10,467635399,5:4

899,67800,211,2:1,0,0,0,0,10,255742954,5:4

3213,28500,1080,2:1,11,12810,192523,13066,20,0,6:5

3213,28500,1080,2:1,7,27227,38503594,6368,1,0,6:5

3213,28500,1080,1:0,0,0,0,0,9,160497992,6:5

3213,28500,1080,2:1,6,3282,1221,1262,12,1824398645,6:5

3213,28500,1080,2:1,9,6156,8589,6380,18,1679254121,6:5

3213,28500,1080,2:1,20,23387,265252,15939,14,1078172365,6:5

3213,28500,1080,2:1,3,11682,1214692,4861,18,1555391864,6:5

3213,28500,1080,2:1,4,3732,30864,2605,15,2337901996,6:5

3213,28500,1080,1:0,7,7890,170642,8659,21,488005205,6:5

3213,28500,1080,2:1,3,273,307288,300,19,139140352,6:5

3213,28500,1080,2:1,17,27895,16700169,10296,18,1983884695,6:5

3213,28500,1080,2:1,14,15300,615174,10411,17,569751570,6:5

3213,28500,1080,2:1,9,8131,92259,6725,18,1607578436,6:5

3213,28500,1080,2:1,4,3246,3734,2428,5,507682701,6:5

3213,28500,1080,2:1,12,33411,1289008,13088,18,796245735,6:5

3213,28500,1080,2:1,4,13987,908900,5782,13,958038809,6:5

3213,28500,1080,2:1,6,9179,215386,7974,8,1382167235,6:5

3213,28500,1080,2:1,1,154,108000000,0,9,661011336,5:4

3213,28500,1080,2:1,0,0,0,0,14,942373607,5:4

3213,28500,1080,1:0,0,0,0,0,10,0,6:5

1421,10400,223,1:0,0,0,0,0,2,7779135,6:5

1421,10400,223,2:1,0,0,0,0,2,7779134,5:4

1421,10400,223,2:1,0,0,0,0,2,7779135,6:5

1421,10400,223,2:1,0,0,0,0,2,7779137,6:5

1421,10400,223,2:1,1,328,9982,483,2,7779138,5:4

1421,10400,223,2:1,0,0,0,0,2,7779138,6:5

1421,10400,223,2:1,5,3518,40869,1559,2,7779140,6:5

1421,10400,223,2:1,4,3164,32933,2461,1,0,6:5

1421,10400,223,2:1,0,0,0,0,3,431502882,6:5

1421,10400,223,2:1,2,2620,28244,2178,2,7779146,6:5

1421,10400,223,2:1,0,0,0,0,2,7779148,6:5

1421,10400,223,2:1,0,0,0,0,2,7779151,6:5

1421,10400,223,1:0,0,0,0,0,2,7779152,6:5

1421,10400,223,2:1,0,0,0,0,2,7779154,6:5

1421,10400,223,2:1,0,0,0,0,1,0,6:5

1421,10400,223,1:0,0,0,0,0,2,7779157,6:5

1421,10400,223,2:1,1,530,20100,470,0,0,6:5

1421,10400,223,2:1,0,0,0,0,1,0,6:5

1421,10400,223,2:1,2,1131,20800,656,1,0,6:5

1421,10400,223,2:1,0,0,0,0,1,0,6:5

1421,10400,223,2:1,0,0,0,0,1,0,5:4

1421,10400,223,2:1,0,0,0,0,0,0,6:5

1421,10400,223,1:0,3,2295,31600,1359,1,0,6:5

1421,10400,223,1:0,0,0,0,0,2,7779159,6:5

1421,10400,223,2:1,0,0,0,0,2,7779160,6:5

1421,10400,223,1:0,0,0,0,0,1,0,6:5

1421,10400,223,2:1,0,0,0,0,2,423723803,6:5

136,11200,1053,2:1,5,1171,14196,2194,27,437236822,6:5

136,11200,1053,2:1,2,219,11825,3241,27,11377778,6:5

136,11200,1053,2:1,2,356,115200,1929,27,422704177,7:6

136,11200,1053,2:1,5,1860,29357,7665,27,425921848,7:6

136,11200,1053,2:1,7,2203,31686,6558,27,10034629,6:5

136,11200,1053,2:1,2,281,17610,2201,27,11957292,6:5

136,11200,1053,2:1,2,195,13100,1404,27,25587072,6:5

136,11200,1053,2:1,5,519,18596,3201,27,428277024,7:6

136,11200,1053,2:1,5,2390,28970,5793,27,22723999,6:5

136,11200,1053,2:1,10,2954,19631,5808,27,8198282,7:6

136,11200,1053,2:1,8,5355,19830,6340,27,433991417,6:5

136,11200,1053,2:1,4,12646,21333,3367,27,433942784,6:5

136,11200,1053,2:1,3,776,14042,2086,27,425996819,6:5

136,11200,1053,2:1,17,6129,53016,13757,27,426732501,7:6

136,11200,1053,2:1,5,1276,14018,3547,27,434913329,7:6

136,11200,1053,2:1,2,1591,27700,4415,27,428457300,6:5

136,11200,1053,2:1,6,1393,118791,3105,27,0,7:6

136,11200,1053,2:1,4,2087,224002,3986,27,433993121,7:6

136,11200,1053,2:1,4,1180,228887,2009,27,433944511,7:6

136,11200,1053,2:1,2,2413,57300,1834,27,5743918,6:5

136,11200,1053,2:1,4,2889,42750,2560,27,8961181,7:6

136,11200,1053,2:1,3,1770,557500,2601,27,433945134,7:6

136,11200,1053,2:1,9,2392,19224,8475,27,428280556,7:6

136,11200,1053,2:1,2,653,153200,1208,27,436868210,6:5

136,11200,1053,2:1,2,839,76299,1511,27,0,6:5

136,11200,1053,2:1,3,686,153402,1457,27,433994852,6:5

136,11200,1053,2:1,2,590,42100,1425,27,429014598,6:5

1191,388000,518,1:0,1,526,83400,130,0,0,8:7

1191,388000,518,2:1,1,1094,231000,475,0,0,8:7

1191,388000,518,2:1,1,107,319,295,0,0,8:7

1191,388000,518,1:0,2,140,57,152,0,0,8:7

1191,388000,518,1:0,3,3568,1900539,867,0,0,9:8

1191,388000,518,1:0,9,4470,1902584,3829,0,0,8:7

1191,388000,518,1:0,1,2161,20600,581,0,0,8:7

1191,388000,518,2:1,4,509,3543,1319,0,0,8:7

1191,388000,518,1:0,7,6420,411503,4062,0,0,9:8

1191,388000,518,1:0,3,322,1781,1447,0,0,8:7

1191,388000,518,1:0,8,4121,15587,4760,0,0,8:7

1191,388000,518,1:0,1,67,34,34,0,0,8:7

1191,388000,518,1:0,0,0,0,0,0,0,8:7

1191,388000,518,1:0,5,7543,756580,2985,0,0,8:7

1191,388000,518,1:0,1,6625,157,276,0,0,8:7

1191,388000,518,1:0,4,1375,390270,4280,0,0,8:7

1191,388000,518,1:0,2,1980,151000,1584,0,0,8:7

1191,388000,518,2:1,5,26,774,829,0,0,8:7

1191,388000,518,1:0,1,184,548,516,0,0,8:7

1191,388000,518,1:0,4,2535,390421,2510,0,0,9:8

1191,388000,518,1:0,0,0,0,0,0,0,8:7

1191,388000,518,2:1,4,6417,468970,2113,0,0,8:7

1191,388000,518,1:0,1,57,152000,888,0,0,8:7

1140,1900000,44,2:1,4,1836,2048105,1653,0,0,9:8

1140,1900000,44,2:1,11,2688,1925257,15283,1,0,10:9

1140,1900000,44,1:0,4,1307,24752,4117,1,0,10:9

1140,1900000,44,2:1,15,2423,33321,5964,1,0,10:9

1140,1900000,44,2:1,10,1063,219327,2923,1,0,10:9

1140,1900000,44,2:1,3,2352,1922226,1389,0,0,9:8

1140,1900000,44,2:1,4,1681,71749,2140,1,0,9:8

1140,1900000,44,2:1,21,3780,354938,13857,1,0,10:9

1140,1900000,44,2:1,19,1788,1754072,5886,0,0,10:9

1140,1900000,44,2:1,10,1750,128303,5681,1,0,10:9

1140,1900000,44,2:1,21,4756,2871424,13783,0,0,10:9

1140,1900000,44,2:1,20,2577,364707,12102,1,0,10:9

1140,1900000,44,2:1,21,5239,75792,10864,1,0,10:9

1140,1900000,44,2:1,21,2111,306716,12934,1,0,9:8

1140,1900000,44,2:1,25,7942,344708,19258,1,0,9:8

1140,1900000,44,1:0,9,2140,1924278,2512,1,0,10:9

1140,1900000,44,1:0,2,452,149134,726,0,0,9:8

1140,1900000,44,2:1,21,3397,141504,11697,0,0,9:8

1140,1900000,44,2:1,19,9039,284420,14263,0,0,10:9

1470,67600,1131,2:1,0,0,0,0,0,0,5:4

1470,67600,1131,2:1,6,10490,298835,6977,0,0,6:5

1470,67600,1131,2:1,1,215,506,516,0,0,5:4

1470,67600,1131,1:0,1,2791,47800,3125,1,0,5:4

1470,67600,1131,2:1,1,0,0,0,0,0,6:5

1470,67600,1131,2:1,1,49,31500,512,0,0,5:4

1470,67600,1131,2:1,4,6193,96405,2906,1,0,6:5

1470,67600,1131,1:0,0,0,0,0,0,0,7:6

1470,67600,1131,2:1,0,0,0,0,0,0,5:4

1470,67600,1131,2:1,0,0,0,0,0,0,5:4

1470,67600,1131,2:1,1,2407,28700,276,0,0,5:4

1470,67600,1131,2:1,2,312,1215,455,0,0,5:4

1470,67600,1131,2:1,0,0,0,0,0,0,5:4

1470,67600,1131,1:0,3,907,1244,1260,1,0,5:4

1470,67600,1131,2:1,0,0,0,0,0,0,5:4

1470,67600,1131,2:1,6,2200,5550,3679,0,0,5:4

1470,67600,1131,2:1,1,712,869,778,0,0,5:4

1470,67600,1131,2:1,4,2177,8923,8156,0,0,5:4

1470,67600,1131,1:0,0,0,0,0,0,0,5:4

1470,67600,1131,2:1,5,3678,192867,3918,0,0,6:5

1470,67600,1131,2:1,0,0,0,0,0,0,5:4

1470,67600,1131,2:1,4,4023,126906,3868,1,0,6:5

1470,67600,1131,2:1,1,256,365,376,0,0,6:5

1470,67600,1131,2:1,3,2240,74662,3939,0,0,5:4

1470,67600,1131,2:1,6,13035,230293,5942,1,0,6:5

1470,67600,1131,1:0,4,10152,149091,7224,0,0,6:5

1470,67600,1131,2:1,1,1299,69400,1099,0,0,6:5

569,33200,3,1:0,0,0,0,0,0,0,6:5

569,33200,3,2:1,8,8623,126442,1005,0,0,7:6

569,33200,3,2:1,0,0,0,0,0,0,6:5

569,33200,3,2:1,22,9375,172790,7289,2,10381036,6:5

569,33200,3,1:0,0,0,0,0,4,18665432,6:5

569,33200,3,2:1,1,2265,1910,437,2,22174933,6:5

569,33200,3,1:0,0,0,0,0,1,0,6:5

569,33200,3,2:1,4,2928,7529,1913,0,0,6:5

569,33200,3,2:1,6,3380,49700,9496,3,0,5:4

569,33200,3,1:0,0,0,0,0,3,0,6:5

569,33200,3,1:0,0,0,0,0,4,22226589,6:5

569,33200,3,2:1,4,818,6275,2712,3,0,6:5

569,33200,3,1:0,9,5910,96894,4693,4,0,7:6

569,33200,3,2:1,10,10220,88197,2554,2,0,7:6

569,33200,3,2:1,2,1110,3962,6061,4,151,6:5

569,33200,3,1:0,5,2436,45099,6995,3,0,6:5

569,33200,3,2:1,0,0,0,0,5,0,6:5

569,33200,3,2:1,3,1718,68146,542,3,0,6:5

569,33200,3,2:1,8,5814,105285,3677,5,3387205,6:5

569,33200,3,2:1,4,3229,2222,582,4,0,6:5

569,33200,3,2:1,1,121,4462,80,0,0,6:5

569,33200,3,2:1,2,1132,35507,2069,0,0,6:5

569,33200,3,1:0,0,0,0,0,6,0,6:5

1139,6276,649,2:1,3,2820,23827,5210,23,789800169,6:5

1139,6276,649,1:0,1,183,5192,228,21,0,6:5

1139,6276,649,2:1,0,0,0,0,0,0,6:5

1139,6276,649,2:1,1,183,5192,228,25,1050202554,6:5

1139,6276,649,2:1,1,183,5192,228,25,1051865880,6:5

1139,6276,649,2:1,1,183,5192,228,27,0,6:5

1139,6276,649,2:1,0,0,0,0,24,1039252832,6:5

1139,6276,649,2:1,0,0,0,0,8,188799206,6:5

1139,6276,649,2:1,0,0,0,0,5,12753434,6:5

1139,6276,649,2:1,4,8259,76974,8205,18,542638137,6:5

1139,6276,649,2:1,1,183,5192,228,25,23066,6:5

1139,6276,649,2:1,0,0,0,0,25,1045513305,6:5

1139,6276,649,2:1,1,183,5192,228,24,313529,6:5

1139,6276,649,2:1,3,2836,13034,5962,25,523237642,6:5

1139,6276,649,2:1,0,0,0,0,21,0,6:5

1139,6276,649,2:1,2,335,9056,921,25,1063521490,6:5

1139,6276,649,2:1,4,1164,6320,1844,20,664205255,6:5

1139,6276,649,2:1,1,183,5192,228,22,9139,6:5

1139,6276,649,2:1,2,366,10384,456,27,62455564,6:5

1139,6276,649,2:1,1,183,5192,228,24,956084196,6:5

1139,6276,649,2:1,0,0,0,0,20,160774033,6:5

1139,6276,649,2:1,0,0,0,0,24,270730,6:5

1139,6276,649,2:1,0,0,0,0,25,0,6:5

1139,6276,649,2:1,1,128,1067,426,25,1003529609,6:5

1139,6276,649,2:1,0,0,0,0,25,160774296,6:5

1139,6276,649,2:1,1,171,1146,228,26,100049615,6:5

1139,6276,649,2:1,0,0,0,0,25,17585662,6:5

968,26000,318,1:0,7,665,105644,1953,2,78787,7:6

968,26000,318,2:1,4,950,3758,2148,2,8066248,8:7

968,26000,318,1:0,11,11246,607555,10955,2,8066248,7:6

968,26000,318,2:1,19,7096,1839886,10483,2,8066248,7:6

968,26000,318,1:0,5,1205,155148,3433,2,8066249,7:6

968,26000,318,2:1,3,941,31008,382,3,8097764,8:7

968,26000,318,2:1,1,4,308,147,2,31516,7:6

968,26000,318,1:0,4,35,938,1359,3,10359280,8:7

968,26000,318,1:0,2,1447,606,903,3,107064844,8:7

968,26000,318,2:1,3,272,1618,1659,0,0,7:6

968,26000,318,2:1,2,2596,923700,542,4,8320751,7:6

968,26000,318,2:1,0,0,0,0,3,8243190,7:6

968,26000,318,2:1,0,0,0,0,3,65556427,7:6

968,26000,318,2:1,0,0,0,0,2,8066253,7:6

968,26000,318,2:1,1,197,761,759,3,8119734,8:7

968,26000,318,2:1,12,2588,57770,5930,3,8099844,8:7

968,26000,318,2:1,12,3475,193975,16705,3,8150441,8:7

968,26000,318,2:1,6,791,1557,2254,3,334413069,8:7

968,26000,318,2:1,1,64,1075,814,3,9070883,7:6

968,26000,318,2:1,2,174,280738,260,3,8119741,7:6

968,26000,318,1:0,0,0,0,0,3,8119744,7:6

968,26000,318,2:1,3,0,0,0,2,0,7:6

706,45100,218,2:1,12,11875,378687,4300,25,35075318,6:5

706,45100,218,2:1,9,13622,1111717,3528,5,5291803,6:5

706,45100,218,2:1,11,14068,829100,4634,15,15396247,7:6

706,45100,218,2:1,9,6166,302797,2746,23,31506712,6:5

706,45100,218,2:1,5,4882,168885,1630,20,26587912,7:6

706,45100,218,2:1,9,6465,202827,3209,25,8450972,6:5

706,45100,218,2:1,10,11286,442047,3427,26,40187301,7:6

706,45100,218,2:1,1,1297,67100,257,22,12163508,7:6

706,45100,218,2:1,11,4257,1730932,6642,19,12036428,7:6

706,45100,218,2:1,6,3801,194547,3147,29,28612507,7:6

706,45100,218,2:1,12,12001,427045,4446,29,29621759,6:5

706,45100,218,2:1,8,5692,461872,3061,28,16306016,7:6

706,45100,218,2:1,9,13630,1234394,3363,23,35756673,6:5

706,45100,218,2:1,5,7444,113591,2329,23,26999651,7:6

706,45100,218,2:1,9,6000,318837,3229,22,9987795,7:6

706,45100,218,2:1,1,62,14600,5826,28,24577015,7:6

706,45100,218,2:1,6,2409,185553,1735,25,353412367,7:6

706,45100,218,2:1,12,10369,570138,5308,27,18467330,7:6

706,45100,218,2:1,5,1593,235638,7082,23,25818849,6:5

706,45100,218,2:1,8,3774,263431,4220,28,18280873,6:5

706,45100,218,2:1,10,5096,238553,3840,30,14035210,6:5

706,45100,218,2:1,12,7038,350190,5053,28,18642224,6:5

706,45100,218,2:1,6,9447,880970,5202,29,18258089,6:5

706,45100,218,2:1,15,13057,483810,5712,28,20255826,7:6

706,45100,218,2:1,10,8602,455005,5166,29,22351920,6:5

706,45100,218,2:1,14,13902,878438,7162,28,94910568,6:5

706,45100,218,2:1,9,9578,406001,10607,13,354371856,6:5

897,10400,1631,1:0,3,1643,14968,3498,2,987,6:5

897,10400,1631,1:0,2,746,4568,1867,2,987,6:5

897,10400,1631,1:0,2,746,4568,1867,2,987,6:5

897,10400,1631,1:0,4,1058,9375,6686,2,987,6:5

897,10400,1631,1:0,2,746,4568,1867,2,987,6:5

897,10400,1631,1:0,2,746,4568,1867,2,987,6:5

897,10400,1631,1:0,2,746,4568,1867,2,987,6:5

897,10400,1631,1:0,0,0,0,0,0,0,6:5

897,10400,1631,1:0,0,0,0,0,1,0,6:5

897,10400,1631,1:0,0,0,0,0,1,0,6:5

897,10400,1631,1:0,2,2097,78011000,1546,1,0,6:5

897,10400,1631,1:0,3,1255,115132,2058,1,0,6:5

897,10400,1631,1:0,0,0,0,0,1,0,6:5

897,10400,1631,1:0,0,0,0,0,1,0,6:5

897,10400,1631,1:0,0,0,0,0,1,0,6:5

897,10400,1631,1:0,1,320,599,559,1,0,5:4

897,10400,1631,1:0,0,0,0,0,1,0,5:4

897,10400,1631,1:0,1,9,1399,169,1,0,5:4

897,10400,1631,1:0,0,0,0,0,1,0,5:4

897,10400,1631,1:0,3,899,1720,2653,1,0,6:5

897,10400,1631,1:0,0,0,0,0,1,0,6:5

897,10400,1631,1:0,11,1799,10399,8386,1,0,6:5

897,10400,1631,1:0,0,0,0,0,1,0,6:5

371,7059,461,1:0,8,3023,26652,3143,30,1162353538,5:4

371,7059,461,1:0,3,2222,38626,1271,30,1069212905,6:5

371,7059,461,1:0,2,61,1218,437,30,1055532602,6:5

371,7059,461,1:0,0,0,0,0,30,1065040249,6:5

371,7059,461,1:0,5,872,26096,1948,30,118664841,6:5

371,7059,461,1:0,17,5238,151794,18430,30,118143569,6:5

371,7059,461,1:0,2,359,8877,1334,30,1140456514,5:4

371,7059,461,1:0,19,5283,103777,9896,30,1100494836,6:5

371,7059,461,1:0,11,2575,49118,4599,30,1162362739,6:5

371,7059,461,1:0,4,1577,71343,1385,30,1124162448,6:5

371,7059,461,1:0,5,2387,62214,2114,30,515444982,6:5

371,7059,461,1:0,10,4788,100457,4739,30,1037311880,6:5

371,7059,461,1:0,5,1344,24817,1756,30,1144984345,6:5

371,7059,461,2:1,12,3419,91753,4973,30,506667704,6:5

371,7059,461,2:1,4,1133,38719,1121,30,1144690497,6:5

371,7059,461,1:0,0,0,0,0,30,492938089,6:5

371,7059,461,2:1,5,1107,23559,1917,30,1074134072,6:5

371,7059,461,1:0,1,0,0,0,30,1129847177,6:5

371,7059,461,1:0,13,11656,262864,6637,30,97317945,6:5

371,7059,461,1:0,8,4000,45228,3537,30,1144481958,6:5

371,7059,461,1:0,2,272,8054,662,30,1129850576,6:5

371,7059,461,1:0,5,2872,97503,1997,30,118667232,6:5

371,7059,461,1:0,2,491,7668,775,30,116976463,6:5

371,7059,461,1:0,6,4622,19058,6050,30,4162914,6:5

371,7059,461,1:0,19,5078,80829,9779,30,1104647301,6:5

371,7059,461,1:0,9,5762,38190,6185,30,1162383307,6:5

371,7059,461,1:0,6,1520,29814,4636,30,1082746242,6:5

4928,967000,2265,1:0,4,5134,968614,2701,9,133266343,7:6

4928,967000,2265,2:1,6,5742,969460,4367,9,132090015,8:7

4928,967000,2265,2:1,3,3169,1186536,1619,10,394140711,7:6

4928,967000,2265,2:1,5,6549,1016902,6019,9,120804928,7:6

4928,967000,2265,2:1,3,9962,1935357,5211,14,650259260,8:7

4928,967000,2265,2:1,5,10735,1962488,6705,11,154454207,7:6

4928,967000,2265,2:1,1,4928,967000,2265,11,0,7:6

4928,967000,2265,2:1,5,5144,967414,3248,8,425911642,8:7

4928,967000,2265,2:1,8,16232,2950311,8896,13,545883204,8:7

4928,967000,2265,2:1,11,12518,1940302,8351,11,210113215,8:7

4928,967000,2265,2:1,11,5867,970780,7002,12,182277003,9:8

4928,967000,2265,2:1,3,5835,1022085,3766,11,175447813,8:7

4928,967000,2265,2:1,16,7362,976724,10151,14,216790356,8:7

4928,967000,2265,2:1,4,5569,972777,3619,25,651125414,7:6

4928,967000,2265,2:1,10,9525,970886,6153,13,174734728,8:7

4928,967000,2265,2:1,2,5689,1082000,2266,11,122579712,7:6

4928,967000,2265,1:0,8,6518,993490,8337,14,16740661,9:8

4928,967000,2265,2:1,4,6912,1004427,6359,13,273910241,8:7

4928,967000,2265,1:0,9,7008,1008516,5928,10,194196477,7:6

4928,967000,2265,2:1,7,6996,970688,6857,9,164556342,8:7

4928,967000,2265,2:1,4,5848,968872,3807,14,358783214,8:7

4928,967000,2265,2:1,5,13097,1952799,6653,10,172977717,8:7

4928,967000,2265,2:1,6,11454,1947552,7254,11,252858516,7:6

4928,967000,2265,2:1,11,7181,982095,6877,9,320038060,8:7

4928,967000,2265,2:1,7,5853,968928,4731,15,295679880,8:7

4928,967000,2265,2:1,13,13008,984601,10261,9,419732679,9:8

4928,967000,2265,2:1,3,5639,968560,2803,15,279794448,8:7

335,11700,997,1:0,6,2551,179054,2131,2,242976,6:5

335,11700,997,1:0,3,544,2516,1847,0,0,6:5

335,11700,997,1:0,0,0,0,0,1,0,6:5

335,11700,997,1:0,0,0,0,0,0,0,6:5

335,11700,997,1:0,1,0,0,0,0,0,6:5

335,11700,997,1:0,0,0,0,0,0,0,6:5

335,11700,997,1:0,3,980,2107,1963,0,0,6:5

335,11700,997,1:0,1,117,148,514,0,0,6:5

335,11700,997,1:0,2,3222,28297,788,0,0,6:5

335,11700,997,1:0,0,0,0,0,2,0,6:5

335,11700,997,1:0,1,856,918,1347,0,0,6:5

335,11700,997,1:0,1,4,98,485,0,0,6:5

335,11700,997,1:0,0,0,0,0,0,0,6:5

335,11700,997,1:0,0,0,0,0,0,0,6:5

335,11700,997,1:0,0,0,0,0,0,0,6:5

335,11700,997,1:0,7,11916,290803,3473,2,1075438,5:4

335,11700,997,1:0,0,0,0,0,2,0,6:5

335,11700,997,1:0,2,1194,3522,1423,0,0,6:5

335,11700,997,1:0,3,4065,2970,3666,0,0,7:6

335,11700,997,1:0,0,0,0,0,0,0,6:5

335,11700,997,1:0,0,0,0,0,0,0,5:4

335,11700,997,1:0,1,86,709,601,0,0,6:5

335,11700,997,1:0,1,1648,575,428,0,0,6:5

335,11700,997,1:0,0,0,0,0,0,0,6:5

335,11700,997,1:0,0,0,0,0,0,0,6:5

335,11700,997,1:0,0,0,0,0,0,0,6:5

898,24800,315,1:0,0,0,0,0,1,0,5:4

898,24800,315,1:0,0,0,0,0,1,0,5:4

898,24800,315,1:0,0,0,0,0,1,0,5:4

898,24800,315,1:0,0,0,0,0,1,0,5:4

898,24800,315,1:0,1,63,1272,1038,1,0,6:5

898,24800,315,1:0,1,90,16100,4207,1,0,6:5

898,24800,315,1:0,0,0,0,0,1,0,5:4

898,24800,315,1:0,1,174,544,983,1,0,5:4

898,24800,315,1:0,0,0,0,0,1,0,5:4

898,24800,315,1:0,0,0,0,0,1,0,6:5

898,24800,315,1:0,0,0,0,0,1,0,6:5

898,24800,315,1:0,2,451,730,1136,1,0,6:5

898,24800,315,1:0,0,0,0,0,1,0,5:4

898,24800,315,1:0,0,0,0,0,1,0,6:5

898,24800,315,1:0,0,0,0,0,1,0,6:5

898,24800,315,1:0,0,0,0,0,1,0,5:4

898,24800,315,1:0,3,847,1267,1926,2,0,5:4

898,24800,315,1:0,0,0,0,0,1,0,5:4

898,24800,315,1:0,0,0,0,0,1,0,6:5

898,24800,315,1:0,0,0,0,0,1,0,6:5

898,24800,315,1:0,0,0,0,0,1,0,5:4

898,24800,315,1:0,0,0,0,0,1,0,5:4

898,24800,315,1:0,0,0,0,0,1,0,5:4

898,24800,315,1:0,0,0,0,0,1,0,5:4

898,24800,315,1:0,0,0,0,0,1,0,5:4

898,24800,315,1:0,0,0,0,0,1,0,5:4

898,24800,315,1:0,1,277,1947,891,1,0,5:4

128,3819,599,1:0,2,2386,241000,742,0,0,7:6

128,3819,599,1:0,2,502,103819,636,5,10594892,5:4

128,3819,599,2:1,0,0,0,0,1,0,5:4

128,3819,599,1:0,9,12084,2111570,2017,0,0,5:4

128,3819,599,1:0,2,1017,138047,522,0,0,5:4

128,3819,599,1:0,0,0,0,0,0,0,5:4

128,3819,599,1:0,2,636,164,304,1,0,5:4

128,3819,599,1:0,0,0,0,0,1,0,4:3

128,3819,599,1:0,5,3876,9295,5236,2,670,5:4

128,3819,599,1:0,0,0,0,0,3,445363,4:3

128,3819,599,1:0,0,0,0,0,2,84543,5:4

128,3819,599,1:0,1,106,297,508,2,0,4:3

128,3819,599,1:0,1,491,8277,62,1,0,4:3

128,3819,599,1:0,1,1384,37400,2208,3,165366,4:3

128,3819,599,1:0,0,0,0,0,0,0,4:3

128,3819,599,1:0,0,0,0,0,2,127214,4:3

128,3819,599,1:0,0,0,0,0,2,127214,4:3

128,3819,599,1:0,3,2184,9003819,888,6,103062888,5:4

128,3819,599,1:0,1,1392,28800,756,0,0,5:4

128,3819,599,1:0,0,0,0,0,0,0,4:3

128,3819,599,1:0,0,0,0,0,0,0,4:3

128,3819,599,1:0,1,6,73,29,2,14737,4:3

128,3819,599,1:0,2,1857,1001491,308,0,0,4:3

128,3819,599,1:0,1,1523,1000000,133,0,0,4:3

128,3819,599,1:0,2,2494,1028000,829,0,0,5:4

1276,59000,374,2:1,1,408,2000,1422,0,0,8:7

1276,59000,374,2:1,2,2552,118000,748,0,0,7:6

1276,59000,374,2:1,1,1276,59000,374,0,0,7:6

1276,59000,374,2:1,0,0,0,0,0,0,7:6

1276,59000,374,2:1,8,7208,224179,10955,0,0,7:6

1276,59000,374,2:1,13,9440,930588,6404,0,0,7:6

1276,59000,374,2:1,3,1875,60893,1765,0,0,7:6

1276,59000,374,2:1,0,0,0,0,0,0,7:6

1276,59000,374,2:1,0,0,0,0,0,0,7:6

1276,59000,374,2:1,1,175,5495,140,0,0,7:6

1276,59000,374,2:1,0,0,0,0,0,0,7:6

1276,59000,374,2:1,0,0,0,0,0,0,7:6

1276,59000,374,2:1,6,2357,72430,1859,0,0,7:6

1276,59000,374,2:1,0,0,0,0,0,0,7:6

1276,59000,374,2:1,0,0,0,0,0,0,7:6

1276,59000,374,2:1,0,0,0,0,0,0,7:6

1276,59000,374,2:1,8,8379,207895,2358,21,136877287,7:6

1276,59000,374,2:1,0,0,0,0,0,0,7:6

1276,59000,374,2:1,2,1755,89800,1207,0,0,7:6

1276,59000,374,2:1,1,1276,59000,374,0,0,7:6

1276,59000,374,2:1,15,17056,548595,6405,0,0,7:6

1276,59000,374,2:1,8,2862,18348,3120,0,0,7:6

1276,59000,374,2:1,6,930,12155,594,0,0,7:6

1276,59000,374,2:1,2,760,11807,2086,0,0,7:6

1276,59000,374,2:1,9,7065,211705,5773,0,0,7:6

1276,59000,374,2:1,2,2123,78900,683,0,0,7:6

1276,59000,374,2:1,14,11876,593711,5649,0,0,6:5

1578,1287,657,1:0,0,0,0,0,0,0,4:3

1578,1287,657,1:0,3,1021,120875,249,1,0,5:4

1578,1287,657,1:0,2,1347,227,529,3,122,5:4

1578,1287,657,1:0,1,7,10400,1565,2,142577,6:5

1578,1287,657,1:0,0,0,0,0,0,0,6:5

1578,1287,657,1:0,1,54,1501,551,1,0,5:4

1578,1287,657,1:0,2,1831,1571,1173,1,0,4:3

1578,1287,657,1:0,1,0,164,236,1,0,5:4

1578,1287,657,1:0,0,0,0,0,1,0,6:5

1578,1287,657,1:0,1,350,22600,162,0,0,5:4

1578,1287,657,1:0,2,1922,2085,1916,0,0,4:3

1578,1287,657,1:0,0,0,0,0,0,0,4:3

1578,1287,657,2:1,0,0,0,0,0,0,5:4

1578,1287,657,1:0,0,0,0,0,0,0,5:4

1578,1287,657,2:1,0,0,0,0,0,0,4:3

1578,1287,657,1:0,0,0,0,0,0,0,4:3

1578,1287,657,1:0,0,0,0,0,0,0,4:3

1578,1287,657,1:0,0,0,0,0,0,0,4:3

1578,1287,657,1:0,1,1101,1283,284,0,0,4:3

1578,1287,657,1:0,0,0,0,0,0,0,4:3

1578,1287,657,1:0,2,2072,449,501,0,0,4:3

1578,1287,657,1:0,2,1254,3511,1007,0,0,5:4

1578,1287,657,1:0,0,0,0,0,2,523,4:3

1578,1287,657,1:0,1,184,224,267,0,0,4:3

1578,1287,657,1:0,0,0,0,0,0,0,5:4

681,4063,1321,2:1,0,0,0,0,0,0,5:4

681,4063,1321,2:1,1,1413,4132,854,2,7561174,5:4

681,4063,1321,2:1,0,0,0,0,1,0,4:3

681,4063,1321,2:1,0,0,0,0,1,0,5:4

681,4063,1321,2:1,2,673,107675,1523,1,0,6:5

681,4063,1321,1:0,9,13087,24247545,9205,2,46775188,5:4

681,4063,1321,1:0,11,14220,7252914,13193,2,6509646,5:4

681,4063,1321,1:0,12,19413,15353089,14489,4,34147423,5:4

681,4063,1321,2:1,3,211,1101,896,1,0,6:5

681,4063,1321,2:1,4,16012,1493500,3591,2,1215796,5:4

681,4063,1321,1:0,5,2042,516600,2331,2,237386780,6:5

681,4063,1321,2:1,0,0,0,0,0,0,5:4

681,4063,1321,2:1,2,4822,18300000,4882,5,53338213,5:4

681,4063,1321,2:1,1,373,26900,81,2,14345,5:4

681,4063,1321,2:1,0,0,0,0,3,37744645,5:4

681,4063,1321,2:1,0,0,0,0,2,182800,4:3

681,4063,1321,2:1,0,0,0,0,0,0,5:4

681,4063,1321,2:1,2,1160,4646,2319,1,0,5:4

681,4063,1321,2:1,12,17623,1702185,8935,5,728373515,5:4

681,4063,1321,2:1,15,16605,1340719,11542,6,9237195,5:4

681,4063,1321,2:1,11,13832,869671,10534,6,9377904,5:4

681,4063,1321,1:0,0,0,0,0,1,0,6:5

681,4063,1321,2:1,15,19002,18612044,12422,7,437588850,6:5

681,4063,1321,1:0,12,7252,160310,12169,0,0,5:4

681,4063,1321,2:1,5,5210,105665,6257,1,0,5:4

681,4063,1321,2:1,3,5303,169500,5740,1,0,5:4

1022,3429,454,2:1,4,1767,4665,1094,0,0,4:3

1022,3429,454,2:1,0,0,0,0,30,682229292,5:4

1022,3429,454,2:1,3,2124,6949,1207,30,73012626,5:4

1022,3429,454,2:1,3,1771,6187,1479,29,3899317,5:4

1022,3429,454,2:1,1,1419,1762,151,30,328051563,5:4

1022,3429,454,2:1,3,337,9053,3659,30,0,5:4

1022,3429,454,2:1,11,7810,54517,5537,30,316993240,5:4

1022,3429,454,2:1,0,0,0,0,30,93919860,5:4

1022,3429,454,2:1,4,2430,23093,4916,30,316993690,5:4

1022,3429,454,2:1,1,94,16700,1932,30,350188339,5:4

1022,3429,454,2:1,7,11613,20288,4182,30,326633482,5:4

1022,3429,454,2:1,3,602,9081,3148,0,0,5:4

1022,3429,454,2:1,0,0,0,0,0,0,5:4

1022,3429,454,2:1,7,4437,26888,4481,0,0,5:4

1022,3429,454,2:1,1,391,967,415,0,0,6:5

1022,3429,454,2:1,0,0,0,0,0,0,5:4

1022,3429,454,2:1,5,3194,15398,3597,0,0,5:4

1022,3429,454,2:1,1,78,564,718,0,0,5:4

1022,3429,454,2:1,1,67,14600,679,0,0,5:4

1022,3429,454,2:1,7,7527,12103,3652,1,0,5:4

1022,3429,454,2:1,3,422,9464,1217,30,328053356,5:4

1022,3429,454,2:1,4,1269,27750,3133,0,0,5:4

1022,3429,454,2:1,3,1193,11224,1010,0,0,5:4

1022,3429,454,2:1,2,430,2726,662,30,156525918,5:4

1022,3429,454,2:1,5,3294,42297,2844,30,254241746,5:4

1022,3429,454,2:1,12,5558,39533,8955,30,519472070,5:4

1022,3429,454,2:1,3,721,4695,1172,30,310349450,5:4

409,10500,782,2:1,2,877,24365,876,0,0,6:5

409,10500,782,2:1,0,0,0,0,0,0,6:5

409,10500,782,2:1,3,1445,5010,3105,0,0,6:5

409,10500,782,2:1,11,3500,1044496,13370,0,0,6:5

409,10500,782,2:1,0,0,0,0,0,0,6:5

409,10500,782,2:1,3,1033,14656,3341,1,0,6:5

409,10500,782,2:1,1,679,1000000,228,0,0,6:5

409,10500,782,2:1,1,846,65000,520,0,0,6:5

409,10500,782,2:1,0,0,0,0,0,0,6:5

409,10500,782,2:1,0,0,0,0,0,0,6:5

409,10500,782,2:1,0,0,0,0,0,0,6:5

409,10500,782,2:1,0,0,0,0,0,0,5:4

409,10500,782,2:1,0,0,0,0,0,0,6:5

409,10500,782,2:1,2,258,491,579,0,0,6:5

409,10500,782,2:1,0,0,0,0,0,0,6:5

409,10500,782,2:1,1,409,10500,782,0,0,6:5

409,10500,782,2:1,0,0,0,0,0,0,6:5

409,10500,782,2:1,0,0,0,0,0,0,6:5

409,10500,782,2:1,0,0,0,0,1,0,5:4

409,10500,782,2:1,5,776,5232,4384,0,0,6:5

409,10500,782,2:1,1,103,1139,849,0,0,6:5

409,10500,782,2:1,0,0,0,0,0,0,5:4

409,10500,782,2:1,0,0,0,0,0,0,6:5

409,10500,782,2:1,0,0,0,0,0,0,6:5

175,1270,853,2:1,1,3716,857000,4100,0,0,5:4

175,1270,853,2:1,4,3997,870040,5097,0,0,6:5

175,1270,853,2:1,1,3716,857000,4100,0,0,5:4

175,1270,853,2:1,9,7467,916026,11757,0,0,5:4

175,1270,853,2:1,15,2250,16110,9861,0,0,5:4

175,1270,853,2:1,2,3997,869500,4543,0,0,5:4

175,1270,853,2:1,1,3716,857000,4100,0,0,5:4

175,1270,853,2:1,3,3728,858608,5362,0,0,5:4

175,1270,853,1:0,2,4001,857921,5614,0,0,5:4

175,1270,853,2:1,6,4659,862580,9859,0,0,5:4

175,1270,853,2:1,5,4029,860833,6771,0,0,5:4

175,1270,853,2:1,8,5099,881475,11633,0,0,5:4

175,1270,853,2:1,5,4062,860886,6132,0,0,5:4

175,1270,853,2:1,7,4133,862134,7247,0,0,5:4

175,1270,853,2:1,11,2960,53654,7518,3,107214,5:4

175,1270,853,2:1,3,7619,235036400,1105,4,107214,5:4

175,1270,853,2:1,13,2466,164252,13036,4,107214,5:4

175,1270,853,2:1,4,3894,859743,6258,0,0,5:4

175,1270,853,2:1,2,3764,857666,4593,0,0,5:4

175,1270,853,2:1,10,5280,900910,11001,0,0,5:4

175,1270,853,2:1,8,4426,889008,8406,0,0,5:4

175,1270,853,2:1,5,4368,886990,7308,0,0,5:4

175,1270,853,2:1,6,36,3897,3506,0,0,5:4

175,1270,853,2:1,13,2333,29875,7555,0,0,5:4

175,1270,853,2:1,7,5780,918564,8560,0,0,5:4

175,1270,853,2:1,5,529,17003,3062,0,0,5:4

175,1270,853,2:1,11,8019,913685,12700,1,0,5:4

116,7204,897,2:1,15,5305,106823,8722,12,242135299,6:5

116,7204,897,2:1,16,6952,344728,15116,29,275247945,5:4

116,7204,897,2:1,13,4435,134113,12828,29,264130167,6:5

116,7204,897,2:1,8,4038,86409,7135,29,40835326,6:5

116,7204,897,2:1,14,7043,1529348,11793,29,39743954,6:5

116,7204,897,2:1,6,2267,69768,5115,29,40390786,6:5

116,7204,897,2:1,15,5127,140438,14848,29,26073160,6:5

116,7204,897,2:1,10,2523,92882,7554,29,40835552,6:5

116,7204,897,2:1,14,9187,3237379,9252,29,21452853,6:5

116,7204,897,2:1,16,7876,93309,9372,29,40835647,6:5

116,7204,897,2:1,15,5411,123007,16458,29,34875422,6:5

116,7204,897,2:1,13,7484,202868,7746,30,36017765,6:5

116,7204,897,2:1,16,2429,101700,9696,29,29865752,6:5

116,7204,897,2:1,14,3820,165581,7832,29,40835869,6:5

116,7204,897,2:1,10,2483,109958,9581,29,35876244,6:5

116,7204,897,1:0,8,2453,75054,5251,29,29962074,6:5

116,7204,897,2:1,9,3597,85860,6651,29,15817649,6:5

116,7204,897,2:1,20,9195,399719,13543,29,39758970,6:5

116,7204,897,2:1,8,1530,56930,5715,29,40836157,6:5

116,7204,897,2:1,7,4209,65129,4610,29,39810055,6:5

116,7204,897,2:1,8,4019,96734,8481,29,28615939,6:5

116,7204,897,2:1,12,6026,396478,7567,29,33908449,6:5

116,7204,897,2:1,12,7879,364509,7058,29,28403877,6:5

116,7204,897,2:1,16,7744,503924,11428,29,34875972,6:5

116,7204,897,2:1,12,5107,993489,11125,29,39681060,6:5

116,7204,897,2:1,13,4938,132929,8642,29,28921757,6:5

116,7204,897,2:1,10,2886,101552,8909,29,40836622,6:5

1140,31700,948,1:0,11,7078,253190,6769,5,45952537,7:6

1140,31700,948,1:0,11,7186,364336,7992,3,339927,6:5

1140,31700,948,1:0,5,10121,68714,5357,3,10594404,6:5

1140,31700,948,1:0,7,5569,6098316,4030,3,785038,7:6

1140,31700,948,1:0,12,5348,127260,12431,4,60127087,7:6

1140,31700,948,1:0,3,1203,30141,1876,5,73013710,7:6

1140,31700,948,1:0,8,4860,166312,6867,3,2444862,7:6

1140,31700,948,1:0,3,7175,1300425,5606,5,2162272,6:5

1140,31700,948,1:0,0,0,0,0,3,339929,6:5

1140,31700,948,1:0,3,289,934,1343,3,594108,6:5

1140,31700,948,1:0,9,5892,125986,4215,3,543294,6:5

1140,31700,948,1:0,1,314,7397,390,4,616045,6:5

1140,31700,948,1:0,0,0,0,0,4,9479032,6:5

1140,31700,948,1:0,8,4172,107566,4625,4,11003991,7:6

1140,31700,948,1:0,7,3252,92776,3465,3,15308471,6:5

1140,31700,948,1:0,2,1698,32890,1433,3,18095480,6:5

1140,31700,948,1:0,7,8553,329379,4049,3,523559,6:5

1140,31700,948,1:0,12,8288,217577,7842,3,22839,7:6

1140,31700,948,1:0,1,57,5245,224,3,9520030,6:5

1140,31700,948,1:0,4,10980,1588604,6291,4,16438628,6:5

1140,31700,948,1:0,3,935,1037,886,3,209156,6:5

1140,31700,948,1:0,3,1333,98671,4469,5,9459557,6:5

1140,31700,948,1:0,7,9148,2912029,9039,2,8065,6:5

1140,31700,948,1:0,2,549,666,1215,3,8493484,6:5

1140,31700,948,1:0,9,8893,353748,5233,3,604740,7:6

1140,31700,948,1:0,1,170,1667,197,3,1070130,6:5

1140,31700,948,1:0,6,3878,20342,6115,3,119105,6:5

1690,4421,2752,1:0,0,0,0,0,0,0,4:3

1690,4421,2752,1:0,0,0,0,0,0,0,4:3

1690,4421,2752,1:0,1,775,633,913,0,0,4:3

1690,4421,2752,1:0,0,0,0,0,0,0,5:4

1690,4421,2752,1:0,0,0,0,0,0,0,5:4

1690,4421,2752,1:0,0,0,0,0,0,0,5:4

1690,4421,2752,1:0,0,0,0,0,0,0,5:4

1690,4421,2752,1:0,5,4126,9711,6624,0,0,5:4

1690,4421,2752,1:0,0,0,0,0,0,0,5:4

1690,4421,2752,1:0,4,3080,19481,3363,0,0,5:4

1690,4421,2752,1:0,0,0,0,0,0,0,4:3

1690,4421,2752,1:0,0,0,0,0,0,0,6:5

1690,4421,2752,1:0,0,0,0,0,0,0,5:4

2229,29700,1415,1:0,0,0,0,0,0,0,5:4

2229,29700,1415,1:0,1,7011,1300000,5235,0,0,5:4

2229,29700,1415,1:0,1,7011,1300000,5235,1,0,5:4

2229,29700,1415,1:0,0,0,0,0,1,0,5:4

2229,29700,1415,1:0,0,0,0,0,2,20653133,5:4

2229,29700,1415,1:0,1,53,362,399,1,0,6:5

2229,29700,1415,1:0,5,13770,1389300,9818,0,0,6:5

2229,29700,1415,1:0,0,0,0,0,0,0,5:4

2229,29700,1415,1:0,3,10701,1330203,7049,1,0,6:5

2229,29700,1415,1:0,2,7062,1300041,5275,0,0,6:5

2229,29700,1415,1:0,2,9240,1329700,6650,0,0,5:4

2229,29700,1415,1:0,0,0,0,0,0,0,5:4

2229,29700,1415,1:0,4,9268,1330464,7064,2,20653137,6:5

2229,29700,1415,1:0,2,9240,1329700,6650,2,16244666,6:5

2229,29700,1415,1:0,1,7011,1300000,5235,2,20653144,5:4

2229,29700,1415,1:0,2,9240,1329700,6650,3,7606075,5:4

2229,29700,1415,1:0,2,9240,1329700,6650,2,20653144,6:5

2229,29700,1415,1:0,4,14466,1393700,11860,0,0,6:5

2229,29700,1415,1:0,1,2229,29700,1415,0,0,5:4

2229,29700,1415,1:0,1,2229,29700,1415,2,20653150,5:4

2229,29700,1415,1:0,1,2229,29700,1415,2,20653153,6:5

2229,29700,1415,1:0,1,2229,29700,1415,2,20653154,6:5

2229,29700,1415,1:0,2,9240,1329700,6650,1,0,5:4

2229,29700,1415,1:0,2,9240,1329700,6650,4,201773717,6:5

2229,29700,1415,1:0,3,9340,1330762,6746,0,0,6:5

2229,29700,1415,1:0,0,0,0,0,2,10381455,6:5

2229,29700,1415,1:0,4,13734,1515000,7812,3,227241,5:4

976,55400,334,1:0,9,6895,148273,4456,1,0,6:5

976,55400,334,1:0,16,21963,1001871,9526,1,0,6:5

976,55400,334,2:1,10,8454,278809,3888,1,0,7:6

976,55400,334,1:0,1,1666,3178,705,0,0,7:6

976,55400,334,1:0,15,14301,448572,6186,0,0,6:5

976,55400,334,2:1,5,3121,3039,3911,1,0,6:5

976,55400,334,2:1,13,12613,488778,4845,0,0,7:6

976,55400,334,1:0,8,8742,180044,3020,4,1094434,5:4

976,55400,334,1:0,2,69,4022,490,0,0,6:5

976,55400,334,2:1,5,4687,139377,2644,2,7130,6:5

976,55400,334,2:1,1,1074,10400,805,3,5314058,6:5

976,55400,334,1:0,13,13397,514220,10150,2,129222,6:5

976,55400,334,1:0,6,3679,187983,11606,2,129222,6:5

976,55400,334,1:0,15,11861,791450,4327,2,129222,6:5

976,55400,334,1:0,8,8127,148793,3411,2,129222,6:5

976,55400,334,2:1,11,11016,326216,9259,2,129222,6:5

976,55400,334,2:1,6,4277,329285,3421,3,7513090,6:5

976,55400,334,1:0,0,0,0,0,1,0,6:5

976,55400,334,1:0,5,5475,522491,2058,2,0,6:5

976,55400,334,2:1,0,0,0,0,1,0,6:5

976,55400,334,1:0,6,4039,72583,1550,1,0,6:5

976,55400,334,1:0,10,10353,192105,3587,1,0,6:5

976,55400,334,1:0,12,14647,165058,16705,0,0,7:6

976,55400,334,1:0,11,5932,281585,12857,0,0,6:5

976,55400,334,1:0,9,5639,206472,14809,1,0,6:5

976,55400,334,1:0,0,0,0,0,1,0,6:5

1914,19200,834,2:1,10,10027,42865,8972,0,0,6:5

1914,19200,834,2:1,3,4643,39441,2864,0,0,6:5

1914,19200,834,2:1,1,827,9680,638,2,0,6:5

1914,19200,834,2:1,3,3788,30882,1238,0,0,6:5

1914,19200,834,2:1,2,5087,46800,3303,0,0,6:5

1914,19200,834,2:1,5,2932,32639,3314,0,0,7:6

1914,19200,834,2:1,4,2590,19877,1891,3,0,7:6

1914,19200,834,2:1,8,11282,230949,7043,2,0,7:6

1914,19200,834,2:1,3,4730,39237,4098,0,0,6:5

1914,19200,834,2:1,3,3091,60435,1533,0,0,7:6

1914,19200,834,2:1,0,0,0,0,0,0,6:5

1914,19200,834,2:1,1,409,380,368,0,0,6:5

1914,19200,834,2:1,2,1998,19567,1059,2,0,6:5

1914,19200,834,2:1,2,2410,19943,1749,2,0,6:5

1914,19200,834,2:1,5,6299,58658,3371,0,0,6:5

1914,19200,834,2:1,1,1624,2340,1554,1,0,6:5

1914,19200,834,2:1,2,2088,19506,4659,1,0,7:6

1914,19200,834,2:1,6,3660,21107,3719,0,0,7:6

1914,19200,834,2:1,1,377,11200,409,0,0,7:6

1914,19200,834,2:1,0,0,0,0,0,0,6:5

1914,19200,834,2:1,11,5233,20237,5209,0,0,6:5

1914,19200,834,2:1,1,218,212,288,1,0,6:5

1914,19200,834,2:1,9,9783,83512,6083,2,339801,7:6

1914,19200,834,2:1,2,3564,20798,1607,0,0,6:5

1914,19200,834,2:1,0,0,0,0,1,0,6:5

1914,19200,834,2:1,0,0,0,0,0,0,6:5

1914,19200,834,2:1,2,12767,653200,2011,0,0,6:5

462,1732,166,2:1,2,354,22752,176,0,0,7:6

462,1732,166,2:1,0,0,0,0,0,0,4:3

462,1732,166,2:1,1,591,804,203,0,0,4:3

462,1732,166,2:1,0,0,0,0,0,0,4:3

462,1732,166,2:1,0,0,0,0,0,0,4:3

462,1732,166,2:1,1,934,572,377,1,0,3:2

462,1732,166,2:1,0,0,0,0,0,0,4:3

462,1732,166,2:1,1,217,109,77,0,0,4:3

462,1732,166,2:1,0,0,0,0,1,0,3:2

462,1732,166,2:1,0,0,0,0,2,207,3:2

462,1732,166,2:1,0,0,0,0,0,0,4:3

462,1732,166,2:1,0,0,0,0,0,0,4:3

462,1732,166,2:1,0,0,0,0,0,0,4:3

462,1732,166,2:1,0,0,0,0,0,0,4:3

462,1732,166,2:1,0,0,0,0,0,0,3:2

462,1732,166,1:0,0,0,0,0,0,0,4:3

462,1732,166,2:1,0,0,0,0,1,0,3:2

462,1732,166,2:1,0,0,0,0,0,0,3:2

462,1732,166,2:1,0,0,0,0,0,0,3:2

462,1732,166,2:1,0,0,0,0,0,0,5:4

462,1732,166,2:1,0,0,0,0,0,0,3:2

462,1732,166,2:1,0,0,0,0,1,0,4:3

462,1732,166,2:1,0,0,0,0,1,0,4:3

462,1732,166,2:1,0,0,0,0,1,0,4:3

462,1732,166,2:1,0,0,0,0,0,0,4:3

1373,33200,103,2:1,0,0,0,0,10,47600160,4:3

1373,33200,103,1:0,3,532,125568,1608,8,48728132,5:4

1373,33200,103,2:1,1,508,19500,2230,11,49714705,5:4

1373,33200,103,2:1,0,0,0,0,10,9891663,5:4

1373,33200,103,2:1,1,113,1651,410,7,135943,5:4

1373,33200,103,2:1,3,5249,200238,827,8,0,6:5

1373,33200,103,2:1,0,0,0,0,7,0,5:4

1373,33200,103,2:1,0,0,0,0,8,10641300,6:5

1373,33200,103,2:1,2,12,81,160,6,2326581,6:5

1373,33200,103,2:1,1,492,914,1008,14,1374884,6:5

1373,33200,103,2:1,0,0,0,0,4,16655924,5:4

1373,33200,103,2:1,0,0,0,0,6,16672358,5:4

1373,33200,103,1:0,0,0,0,0,5,0,5:4

1373,33200,103,2:1,4,3082,7339,3628,9,0,5:4

1373,33200,103,2:1,0,0,0,0,6,0,5:4

1373,33200,103,2:1,0,0,0,0,5,2732876,5:4

1373,33200,103,2:1,0,0,0,0,5,2307413,6:5

1373,33200,103,2:1,2,2614,800,502,15,13051285,6:5

1373,33200,103,2:1,0,0,0,0,4,852,6:5

1373,33200,103,2:1,2,410,174600,1050,3,2710470,5:4

1373,33200,103,2:1,9,977,1654600,5898,14,267891,6:5

1373,33200,103,2:1,0,0,0,0,9,0,6:5

1373,33200,103,2:1,5,3177,1533362,2267,18,38559819,7:6

1373,33200,103,2:1,3,5261,40378,1153,9,9334809,6:5

1373,33200,103,2:1,4,5594,40562,1291,13,439766735,7:6

1373,33200,103,2:1,2,1320,2074,447,3,0,8:7

1373,33200,103,2:1,6,6882,430500,4602,8,3746,6:5

3521,8152,1598,1:0,2,9630,8486,3120,17,1911920568,4:3

3521,8152,1598,1:0,1,353,23500,738,26,1387967796,5:4

3521,8152,1598,1:0,0,0,0,0,6,0,5:4

3521,8152,1598,1:0,10,11958,1176270,4984,26,2229174747,5:4

3521,8152,1598,1:0,8,14538,35340,7622,3,47989853,5:4

3521,8152,1598,1:0,0,0,0,0,25,2140554648,5:4

3521,8152,1598,1:0,0,0,0,0,24,2234742626,5:4

3521,8152,1598,1:0,0,0,0,0,23,0,5:4

3521,8152,1598,1:0,1,905,99200,2271,27,2198346184,4:3

3521,8152,1598,1:0,1,5631,14000,1499,25,168967780,5:4

3521,8152,1598,1:0,3,5496,16473,1899,24,2126942647,5:4

3521,8152,1598,1:0,1,32,5830,157,24,2166611740,5:4

3521,8152,1598,1:0,8,14569,358020,14057,23,71944387,4:3

3521,8152,1598,1:0,1,1376,65800,1333,26,2258333524,5:4

3521,8152,1598,1:0,1,3681,1499,1315,24,2139381088,5:4

3521,8152,1598,1:0,9,20500,447398,7734,24,100835543,5:4

3521,8152,1598,1:0,4,5115,826283,6100,24,2221787063,5:4

3521,8152,1598,1:0,0,0,0,0,29,1898790659,5:4

3521,8152,1598,1:0,0,0,0,0,28,2225202171,5:4

3521,8152,1598,1:0,2,7486,13176,1928,16,0,5:4

3521,8152,1598,1:0,1,3521,8153,1598,3,9784656,6:5

3521,8152,1598,1:0,0,0,0,0,29,2279611993,5:4

3521,8152,1598,1:0,0,0,0,0,28,342297489,5:4

3521,8152,1598,1:0,1,459,9556,879,27,91366030,5:4

3521,8152,1598,1:0,13,33161,1081443,13847,29,1916622542,5:4

3521,8152,1598,1:0,0,0,0,0,29,2147081755,5:4

3521,8152,1598,1:0,11,20650,257763,14715,29,92673970,5:4

175,9435,1777,2:1,4,2597,107803,7161,25,219463130,7:6

175,9435,1777,2:1,0,0,0,0,29,948573159,6:5

175,9435,1777,2:1,7,496,470144,9142,6,0,7:6

175,9435,1777,2:1,13,1773,1829650,13078,28,836066037,8:7

175,9435,1777,2:1,0,0,0,0,28,87562094,6:5

175,9435,1777,2:1,2,141,154367,1080,25,35947482,7:6

175,9435,1777,2:1,7,3133,50324,12483,0,0,8:7

175,9435,1777,2:1,3,1460,19515,4507,0,0,7:6

175,9435,1777,1:0,1,0,0,0,0,0,7:6

175,9435,1777,2:1,1,12,208000,34,28,978340582,8:7

175,9435,1777,2:1,2,314,9549,1907,29,665119384,7:6

175,9435,1777,2:1,1,175,9435,1777,23,0,7:6

175,9435,1777,2:1,2,101,360,405,19,278098402,7:6

175,9435,1777,2:1,3,728,12063,3081,19,178882125,7:6

175,9435,1777,2:1,1,0,0,0,17,143183399,7:6

175,9435,1777,2:1,1,175,9435,1777,31,1944279,7:6

175,9435,1777,2:1,0,0,0,0,31,628062106,7:6

175,9435,1777,2:1,0,0,0,0,31,597938029,6:5

175,9435,1777,2:1,0,0,0,0,32,10167108,6:5

175,9435,1777,2:1,7,947,8850,3435,25,523486522,7:6

175,9435,1777,2:1,6,1562,121159,23654,32,602531475,6:5

175,9435,1777,2:1,0,0,0,0,31,636554998,6:5

175,9435,1777,2:1,3,259,1467,666,31,602532894,6:5

175,9435,1777,2:1,0,0,0,0,31,14548932,6:5

175,9435,1777,2:1,1,175,9435,1777,31,604687964,6:5

175,9435,1777,2:1,0,0,0,0,31,585703815,6:5

175,9435,1777,2:1,1,484,23800,1300,31,43139149,6:5

8137,196000,883,2:1,4,5788,189992,2474,1,0,6:5

8137,196000,883,1:0,1,3342,54900,2139,1,0,7:6

8137,196000,883,2:1,1,8,55,84,0,0,7:6

8137,196000,883,2:1,2,725,539,3071,0,0,7:6

8137,196000,883,2:1,5,6544,490696,3268,0,0,7:6

8137,196000,883,2:1,4,24998,588457,3371,1,0,7:6

8137,196000,883,2:1,0,0,0,0,0,0,6:5

8137,196000,883,2:1,7,25041,590106,5588,0,0,7:6

8137,196000,883,2:1,5,25219,588778,3754,1,0,7:6

8137,196000,883,1:0,2,8957,197073,1704,1,0,6:5

8137,196000,883,2:1,4,1779,228722,2333,1,0,7:6

8137,196000,883,2:1,1,794,125000,666,2,0,6:5

8137,196000,883,2:1,18,121672,3145515,17467,1,0,7:6

8137,196000,883,2:1,7,37765,789256,4596,1,0,6:5

8137,196000,883,2:1,5,18360,536228,2434,1,0,7:6

8137,196000,883,2:1,6,6238,314757,4659,1,0,7:6

8137,196000,883,2:1,2,9976,1396000,1370,1,0,6:5

8137,196000,883,2:1,3,244,5615,2182,1,0,7:6

8137,196000,883,2:1,5,13581,117943,3705,2,98918000,7:6

8137,196000,883,2:1,10,22856,424405,4103,2,989,7:6

8137,196000,883,2:1,4,939,3558,3063,2,22157317,6:5

8137,196000,883,2:1,2,950,2618,3448,1,0,7:6

469,259000,199,2:1,8,4669,389691,8115,0,0,7:6

469,259000,199,2:1,3,999,34836,3701,0,0,8:7

469,259000,199,2:1,14,10373,106673,6290,0,0,8:7

469,259000,199,2:1,16,9274,643263,7189,5,15492384,7:6

469,259000,199,2:1,18,14291,1424374,9913,0,0,7:6

469,259000,199,2:1,5,885,259710,1722,0,0,8:7

469,259000,199,2:1,2,586,10408,1580,0,0,7:6

469,259000,199,2:1,11,7797,273856,6141,0,0,8:7

469,259000,199,2:1,8,3247,168006,4310,0,0,8:7

469,259000,199,2:1,1,497,8549,529,0,0,8:7

469,259000,199,2:1,6,2479,99364,2141,0,0,8:7

469,259000,199,1:0,5,3599,524095,3681,0,0,8:7

469,259000,199,2:1,8,2369,1037391,2540,0,0,7:6

469,259000,199,2:1,1,497,8549,529,2,9265751,7:6

469,259000,199,2:1,0,0,0,0,5,20304952,8:7

469,259000,199,2:1,4,1088,678,674,4,9669468,7:6

469,259000,199,2:1,12,7438,1149131,6332,3,66458201,7:6

469,259000,199,1:0,3,1543,81087,1469,1,0,8:7

469,259000,199,2:1,10,5738,794784,4607,2,1132499,7:6

469,259000,199,1:0,8,2622,11500,3564,0,0,8:7

469,259000,199,1:0,5,4253,529541,3237,0,0,8:7

469,259000,199,2:1,8,5879,544349,2685,0,0,8:7

469,259000,199,1:0,4,2259,97780,2053,0,0,7:6

469,259000,199,2:1,10,7024,633326,4364,0,0,8:7

469,259000,199,1:0,5,2104,49979,3357,0,0,8:7

469,259000,199,2:1,3,1435,526549,927,0,0,8:7

469,259000,199,1:0,7,11303,752407,3743,0,0,7:6

587,524000,293,2:1,3,1537,692370,1665,0,0,10:9

587,524000,293,2:1,11,4468,699915,6247,0,0,10:9

587,524000,293,2:1,12,6122,1276192,8187,0,0,10:9

587,524000,293,2:1,9,6672,1913504,5062,0,0,10:9

587,524000,293,2:1,3,2036,953090,1010,0,0,10:9

587,524000,293,2:1,6,4411,1915073,3022,0,0,10:9

587,524000,293,2:1,21,8532,1708941,16681,0,0,10:9

587,524000,293,2:1,7,4014,1221771,4574,0,0,9:8

587,524000,293,2:1,13,4790,1251648,7121,0,0,10:9

587,524000,293,2:1,8,2786,693498,3208,0,0,10:9

587,524000,293,2:1,15,7111,2473276,6743,0,0,10:9

587,524000,293,2:1,10,4391,1861083,5120,0,0,10:9

587,524000,293,2:1,7,6208,1084219,5022,0,0,9:8

587,524000,293,2:1,5,2414,693038,1961,0,0,10:9

587,524000,293,2:1,10,4842,1262717,6777,0,0,10:9

587,524000,293,2:1,9,3588,1230196,7413,0,0,10:9

587,524000,293,2:1,7,2709,1217511,3344,0,0,10:9

587,524000,293,2:1,11,5451,696264,6196,0,0,10:9

587,524000,293,2:1,14,2382,696043,3983,0,0,10:9

587,524000,293,2:1,9,3353,546346,3713,1,0,9:8

587,524000,293,2:1,5,2860,1283052,3148,3,12090684,10:9

587,524000,293,2:1,6,2690,1739701,1898,0,0,10:9

587,524000,293,2:1,12,9867,1803706,6129,1,0,10:9

587,524000,293,2:1,11,4530,696695,5273,0,0,10:9

587,524000,293,2:1,10,3356,1742960,4187,1,0,9:8

587,524000,293,2:1,10,3863,1391019,4673,0,0,10:9

814,5370,706,2:1,7,3265,46718,11943,0,0,6:5

814,5370,706,2:1,1,757,9378,372,0,0,5:4

814,5370,706,2:1,10,3076,21164,4436,0,0,5:4

814,5370,706,2:1,6,2002,124495,3322,0,0,5:4

814,5370,706,2:1,1,971,65000,2592,0,0,4:3

814,5370,706,2:1,0,0,0,0,0,0,5:4

814,5370,706,2:1,1,268,104000,87,0,0,5:4

814,5370,706,2:1,2,306,106225,3317,0,0,6:5

814,5370,706,2:1,0,0,0,0,0,0,5:4

814,5370,706,2:1,2,1431,59925,622,0,0,6:5

814,5370,706,2:1,1,107,4105,1728,0,0,6:5

814,5370,706,2:1,3,1186,11352,2586,0,0,7:6

814,5370,706,2:1,1,4,83,0,0,0,5:4

814,5370,706,2:1,10,4932,156504,5403,0,0,5:4

814,5370,706,2:1,0,0,0,0,0,0,6:5

814,5370,706,2:1,6,2294,84138,2354,0,0,6:5

814,5370,706,2:1,6,3569,115646,4403,0,0,6:5

814,5370,706,2:1,0,0,0,0,0,0,5:4

814,5370,706,2:1,5,3654,43462,3993,0,0,6:5

814,5370,706,2:1,2,1130,30800,268,0,0,5:4

814,5370,706,2:1,3,691,20117,2200,0,0,6:5

814,5370,706,2:1,3,1026,33076,4053,0,0,5:4

814,5370,706,2:1,1,284,6900000,1,0,0,5:4

814,5370,706,2:1,10,4528,91254,5841,0,0,6:5

814,5370,706,2:1,9,4037,82126,10615,0,0,6:5

814,5370,706,2:1,5,1724,16651,2394,0,0,5:4

814,5370,706,2:1,10,6893,177242,7076,0,0,6:5

